date,open,high,low,close,volume
2021-01-01 00:00:00+05:30,903.0,907.05,894.0,895.4,798399
2021-01-04 00:00:00+05:30,900.0,917.0,894.5,911.4,1028233
2021-01-05 00:00:00+05:30,906.45,919.9,899.0,905.55,1209912
2021-01-06 00:00:00+05:30,906.55,915.0,901.0,910.3,1214878
2021-01-07 00:00:00+05:30,916.2,916.5,904.25,914.15,1109459
2021-01-08 00:00:00+05:30,920.0,954.5,918.0,935.5,4436263
2021-01-11 00:00:00+05:30,940.0,952.5,926.85,936.25,2146652
2021-01-12 00:00:00+05:30,934.8,936.0,921.55,925.0,1573331
2021-01-13 00:00:00+05:30,927.5,949.0,922.5,926.55,1996557
2021-01-14 00:00:00+05:30,930.1,931.85,918.5,925.15,719918
2021-01-15 00:00:00+05:30,925.15,929.8,903.4,910.25,733660
2021-01-18 00:00:00+05:30,899.0,907.2,883.2,892.9,936905
2021-01-19 00:00:00+05:30,890.5,918.0,890.5,904.4,1420092
2021-01-20 00:00:00+05:30,905.1,910.9,895.0,896.75,1147187
2021-01-21 00:00:00+05:30,907.8,907.8,875.0,878.3,1913821
2021-01-22 00:00:00+05:30,885.5,885.7,838.0,862.55,3421388
2021-01-25 00:00:00+05:30,865.9,882.75,853.0,862.85,2534590
2021-01-27 00:00:00+05:30,865.3,885.0,859.1,881.75,2745728
2021-01-28 00:00:00+05:30,883.0,884.35,868.85,872.55,1855486
2021-01-29 00:00:00+05:30,876.55,883.05,858.05,864.45,2286478
2021-02-01 00:00:00+05:30,875.0,897.0,852.05,874.5,3099408
2021-02-02 00:00:00+05:30,888.0,890.0,857.95,865.35,2781083
2021-02-03 00:00:00+05:30,870.0,879.95,858.35,866.15,1883217
2021-02-04 00:00:00+05:30,866.15,870.7,859.0,863.9,2094974
2021-02-05 00:00:00+05:30,866.75,870.0,853.65,864.2,1766235
2021-02-08 00:00:00+05:30,865.0,871.7,857.0,859.1,1899676
2021-02-09 00:00:00+05:30,869.0,895.0,863.0,888.7,4311868
2021-02-10 00:00:00+05:30,898.0,915.25,894.0,911.35,4993209
2021-02-11 00:00:00+05:30,909.8,921.9,905.55,907.35,2184819
2021-02-12 00:00:00+05:30,908.0,913.5,893.45,896.85,984794
2021-02-15 00:00:00+05:30,898.0,901.15,875.0,877.25,1715171
2021-02-16 00:00:00+05:30,877.25,888.3,869.0,872.0,1634864
2021-02-17 00:00:00+05:30,870.0,883.15,870.0,877.15,1496973
2021-02-18 00:00:00+05:30,880.1,898.85,878.7,893.5,2387930
2021-02-19 00:00:00+05:30,898.4,899.15,874.25,881.5,1120800
2021-02-22 00:00:00+05:30,880.0,885.0,845.1,849.05,1810985
2021-02-23 00:00:00+05:30,853.0,874.4,849.0,869.7,1480977
2021-02-24 00:00:00+05:30,870.1,875.9,852.7,871.55,683427
2021-02-25 00:00:00+05:30,873.2,882.9,869.7,872.4,1885254
2021-02-26 00:00:00+05:30,860.0,878.95,858.05,866.9,2636891
2021-03-01 00:00:00+05:30,860.0,879.0,852.2,876.4,2648545
2021-03-02 00:00:00+05:30,876.75,886.0,870.5,879.15,1583910
2021-03-03 00:00:00+05:30,888.0,910.0,883.5,906.45,2127137
2021-03-04 00:00:00+05:30,899.7,924.8,892.4,915.9,3140379
2021-03-05 00:00:00+05:30,910.0,915.0,894.95,903.55,1268992
2021-03-08 00:00:00+05:30,903.6,930.65,901.7,923.85,1396479
2021-03-09 00:00:00+05:30,950.0,983.75,939.0,971.3,11031435
2021-03-10 00:00:00+05:30,973.7,974.0,936.0,940.75,2362998
2021-03-12 00:00:00+05:30,905.05,936.3,905.0,914.2,28967831
2021-03-15 00:00:00+05:30,921.0,926.75,902.0,920.0,4581841
2021-03-16 00:00:00+05:30,918.45,923.9,911.0,914.05,1422174
2021-03-17 00:00:00+05:30,923.9,923.9,885.2,888.95,3809803
2021-03-18 00:00:00+05:30,895.0,898.0,882.3,890.45,2657918
2021-03-19 00:00:00+05:30,887.95,909.95,882.3,906.7,2849173
2021-03-22 00:00:00+05:30,905.0,909.25,895.35,900.2,1660688
2021-03-23 00:00:00+05:30,904.8,910.85,895.0,898.9,1642691
2021-03-24 00:00:00+05:30,893.0,895.0,875.05,880.7,1900721
2021-03-25 00:00:00+05:30,875.1,884.3,861.0,864.1,2711471
2021-03-26 00:00:00+05:30,870.0,876.9,868.1,873.95,1194885
2021-03-30 00:00:00+05:30,876.0,881.0,868.0,872.15,1276847
2021-03-31 00:00:00+05:30,876.0,890.9,870.95,880.85,1929013
2021-04-01 00:00:00+05:30,881.6,890.05,876.5,883.45,1193426
2021-04-05 00:00:00+05:30,885.0,887.0,864.8,872.55,1091002
2021-04-06 00:00:00+05:30,872.8,903.0,865.95,897.55,1351799
2021-04-07 00:00:00+05:30,901.0,921.0,898.25,918.5,2860132
2021-04-08 00:00:00+05:30,921.4,921.4,905.0,908.5,1342782
2021-04-09 00:00:00+05:30,904.6,915.95,900.2,910.1,1344813
2021-04-12 00:00:00+05:30,900.65,905.4,868.5,872.45,1485108
2021-04-13 00:00:00+05:30,881.45,900.75,874.75,897.8,1174856
2021-04-15 00:00:00+05:30,895.0,912.0,890.0,908.7,1464475
2021-04-16 00:00:00+05:30,917.0,919.55,905.6,914.2,1310422
2021-04-19 00:00:00+05:30,897.2,909.9,888.5,906.25,1580387
2021-04-20 00:00:00+05:30,917.0,931.1,895.35,898.95,3593124
2021-04-22 00:00:00+05:30,900.0,920.65,895.05,914.4,1988641
2021-04-23 00:00:00+05:30,896.35,941.9,896.35,922.85,3601606
2021-04-26 00:00:00+05:30,919.15,946.9,916.0,942.5,3751088
2021-04-27 00:00:00+05:30,946.0,946.8,925.0,928.75,1926977
2021-04-28 00:00:00+05:30,934.0,934.0,914.15,930.4,1904945
2021-04-29 00:00:00+05:30,930.4,935.0,921.3,928.2,830577
2021-04-30 00:00:00+05:30,928.0,940.5,919.8,928.7,1326833
2021-05-03 00:00:00+05:30,921.95,980.0,916.05,958.6,5424609
2021-05-04 00:00:00+05:30,998.0,1005.0,942.55,982.9,10515809
2021-05-05 00:00:00+05:30,989.95,1019.8,965.0,973.1,5475550
2021-05-06 00:00:00+05:30,977.3,983.45,961.2,969.4,1800692
2021-05-07 00:00:00+05:30,1030.0,1044.7,974.4,1000.25,11010394
2021-05-10 00:00:00+05:30,1009.3,1017.5,995.0,1005.0,2370879
2021-05-11 00:00:00+05:30,998.0,1015.0,990.5,1000.95,1297672
2021-05-12 00:00:00+05:30,995.55,1000.9,970.0,972.9,3513520
2021-05-14 00:00:00+05:30,972.95,982.0,965.0,978.4,1331063
2021-05-17 00:00:00+05:30,978.4,988.8,961.2,963.65,2181641
2021-05-18 00:00:00+05:30,965.9,976.0,964.2,968.45,1342840
2021-05-19 00:00:00+05:30,968.45,979.9,963.0,978.05,1101773
2021-05-20 00:00:00+05:30,981.45,984.45,965.8,969.15,1463348
2021-05-21 00:00:00+05:30,968.1,975.7,965.25,969.25,1245988
2021-05-24 00:00:00+05:30,967.35,971.95,960.65,962.5,1841255
2021-05-25 00:00:00+05:30,967.0,972.6,963.15,965.3,1235079
2021-05-26 00:00:00+05:30,969.0,980.0,969.0,971.75,1719675
2021-05-27 00:00:00+05:30,976.5,986.0,965.55,982.1,2428883
2021-05-28 00:00:00+05:30,986.0,987.0,972.0,976.85,1137566
2021-05-31 00:00:00+05:30,977.0,982.8,970.65,975.65,785669
2021-06-01 00:00:00+05:30,978.4,982.0,960.1,966.3,1420625
2021-06-02 00:00:00+05:30,965.0,993.45,963.4,984.4,2488600
2021-06-03 00:00:00+05:30,986.5,990.85,981.5,986.85,1724751
2021-06-04 00:00:00+05:30,994.95,994.95,984.0,989.15,996919
2021-06-07 00:00:00+05:30,995.0,997.95,987.0,988.5,693875
2021-06-08 00:00:00+05:30,988.0,988.0,963.0,979.85,3262160
2021-06-09 00:00:00+05:30,978.15,1007.0,978.15,998.6,3809219
2021-06-10 00:00:00+05:30,1005.0,1005.0,992.05,997.55,1041345
2021-06-11 00:00:00+05:30,998.9,1002.5,984.0,988.1,823207
2021-06-14 00:00:00+05:30,988.1,992.75,971.35,986.15,514960
2021-06-15 00:00:00+05:30,991.8,1003.75,980.85,995.85,1137725
2021-06-16 00:00:00+05:30,999.95,1003.85,988.35,991.8,833286
2021-06-17 00:00:00+05:30,983.0,992.7,977.0,983.3,869613
2021-06-18 00:00:00+05:30,1000.7,1000.7,956.75,982.55,1888723
2021-06-21 00:00:00+05:30,973.0,990.4,968.35,981.55,887943
2021-06-22 00:00:00+05:30,982.0,1011.0,980.05,1007.0,2289172
2021-06-23 00:00:00+05:30,1010.5,1015.05,999.0,1000.55,1802617
2021-06-24 00:00:00+05:30,1000.1,1005.45,995.0,1002.15,932721
2021-06-25 00:00:00+05:30,997.0,1017.55,991.4,1007.15,980203
2021-06-28 00:00:00+05:30,1010.5,1019.7,998.0,1002.1,1107325
2021-06-29 00:00:00+05:30,1000.1,1017.3,995.25,999.4,2486963
2021-06-30 00:00:00+05:30,1002.4,1011.75,998.45,1008.15,777901
2021-07-01 00:00:00+05:30,1009.0,1017.4,1002.6,1006.9,834379
2021-07-02 00:00:00+05:30,1010.9,1010.9,996.05,1007.2,581097
2021-07-05 00:00:00+05:30,1014.0,1014.95,1005.8,1009.85,431929
2021-07-06 00:00:00+05:30,1010.95,1032.9,1006.1,1023.15,1693798
2021-07-07 00:00:00+05:30,1023.5,1027.0,1012.55,1014.4,888200
2021-07-08 00:00:00+05:30,1010.75,1026.0,1002.1,1021.6,868890
2021-07-09 00:00:00+05:30,1014.1,1028.0,1012.55,1019.6,930387
2021-07-12 00:00:00+05:30,1019.7,1036.0,1018.95,1033.45,1297301
2021-07-13 00:00:00+05:30,1040.0,1056.5,1036.05,1052.65,2525938
2021-07-14 00:00:00+05:30,1050.0,1060.85,1047.0,1052.4,1596046
2021-07-15 00:00:00+05:30,1053.5,1064.95,1049.35,1052.95,796945
2021-07-16 00:00:00+05:30,1054.0,1057.85,1047.1,1050.25,699003
2021-07-19 00:00:00+05:30,1044.9,1050.25,1027.3,1037.85,643558
2021-07-20 00:00:00+05:30,1037.25,1041.2,1012.8,1014.75,695099
2021-07-22 00:00:00+05:30,1017.0,1038.8,1017.0,1026.0,915518
2021-07-23 00:00:00+05:30,1025.5,1053.95,1023.55,1050.45,1290998
2021-07-26 00:00:00+05:30,1048.0,1104.9,1040.1,1076.65,2151393
2021-07-27 00:00:00+05:30,1098.0,1113.75,1063.0,1105.15,6096747
2021-07-28 00:00:00+05:30,1115.0,1138.8,1093.0,1133.4,4409570
2021-07-29 00:00:00+05:30,1133.0,1148.0,1124.05,1128.85,1555904
2021-07-30 00:00:00+05:30,1123.0,1123.0,1092.0,1098.6,1238229
2021-08-02 00:00:00+05:30,1111.05,1128.5,1101.95,1107.2,1582968
2021-08-03 00:00:00+05:30,1105.25,1134.9,1094.8,1131.7,1033719
2021-08-04 00:00:00+05:30,1130.0,1144.65,1125.0,1136.85,1840302
2021-08-05 00:00:00+05:30,1170.2,1175.7,1125.0,1134.75,6687775
2021-08-06 00:00:00+05:30,1140.0,1154.25,1127.45,1150.7,1654283
2021-08-09 00:00:00+05:30,1151.25,1156.0,1128.85,1136.45,1491795
2021-08-10 00:00:00+05:30,1142.75,1146.0,1120.15,1127.6,1911046
2021-08-11 00:00:00+05:30,1130.0,1142.1,1113.1,1135.4,1458158
2021-08-12 00:00:00+05:30,1136.3,1150.95,1128.55,1134.05,1054244
2021-08-13 00:00:00+05:30,1132.0,1142.5,1131.05,1138.6,712776
2021-08-16 00:00:00+05:30,1132.0,1144.5,1128.35,1139.1,479277
2021-08-17 00:00:00+05:30,1138.0,1151.8,1123.55,1134.8,1991904
2021-08-18 00:00:00+05:30,1135.0,1146.4,1100.2,1114.05,3428721
2021-08-20 00:00:00+05:30,1114.05,1133.5,1100.5,1125.3,2127671
2021-08-23 00:00:00+05:30,1127.0,1140.95,1118.6,1135.45,1251406
2021-08-24 00:00:00+05:30,1140.0,1165.9,1130.65,1160.4,1211218
2021-08-25 00:00:00+05:30,1168.0,1171.65,1150.15,1156.15,893931
2021-08-26 00:00:00+05:30,1151.2,1164.5,1144.85,1151.8,823814
2021-08-27 00:00:00+05:30,1154.8,1192.65,1145.3,1184.05,2469538
2021-08-30 00:00:00+05:30,1189.5,1199.0,1176.55,1180.7,1690833
2021-08-31 00:00:00+05:30,1180.7,1194.5,1171.65,1192.05,1719768
2021-09-01 00:00:00+05:30,1189.0,1222.8,1183.9,1220.5,1955177
2021-09-02 00:00:00+05:30,1229.8,1250.0,1224.2,1243.4,2468599
2021-09-03 00:00:00+05:30,1246.95,1253.65,1226.0,1244.15,1295336
2021-09-06 00:00:00+05:30,1245.0,1248.0,1233.5,1244.65,1166873
2021-09-07 00:00:00+05:30,1245.0,1253.35,1228.25,1238.75,1164891
2021-09-08 00:00:00+05:30,1246.05,1246.95,1211.95,1220.05,1909087
2021-09-09 00:00:00+05:30,1177.0,1199.65,1168.0,1173.2,10115407
2021-09-13 00:00:00+05:30,1179.05,1179.05,1153.35,1165.15,2374250
2021-09-14 00:00:00+05:30,1170.0,1174.0,1158.05,1170.9,1338821
2021-09-15 00:00:00+05:30,1170.9,1176.0,1165.5,1172.45,1875092
2021-09-16 00:00:00+05:30,1174.2,1187.0,1168.0,1184.9,3028407
2021-09-17 00:00:00+05:30,1203.0,1204.8,1183.45,1198.8,4143024
2021-09-20 00:00:00+05:30,1189.85,1198.7,1174.0,1177.5,2117784
2021-09-21 00:00:00+05:30,1189.0,1195.95,1170.9,1184.6,2117913
2021-09-22 00:00:00+05:30,1184.6,1203.55,1177.75,1191.3,1399326
2021-09-23 00:00:00+05:30,1224.0,1224.0,1198.5,1218.3,2659260
2021-09-24 00:00:00+05:30,1219.0,1238.55,1207.6,1222.05,1703375
2021-09-27 00:00:00+05:30,1229.95,1233.0,1208.85,1222.8,728019
2021-09-28 00:00:00+05:30,1222.5,1229.15,1202.3,1210.3,1588306
2021-09-29 00:00:00+05:30,1206.0,1214.8,1196.8,1205.95,1623118
2021-09-30 00:00:00+05:30,1209.15,1219.0,1196.75,1215.1,1234882
2021-10-01 00:00:00+05:30,1204.0,1217.55,1199.4,1209.05,830634
2021-10-04 00:00:00+05:30,1211.0,1240.0,1206.05,1230.85,1664614
2021-10-05 00:00:00+05:30,1231.0,1267.5,1227.0,1261.95,2282814
2021-10-06 00:00:00+05:30,1273.0,1273.9,1205.4,1212.05,2630744
2021-10-07 00:00:00+05:30,1227.0,1234.2,1207.2,1215.05,2674007
2021-10-08 00:00:00+05:30,1224.95,1229.0,1191.95,1196.45,1661548
2021-10-11 00:00:00+05:30,1199.95,1218.5,1199.95,1206.1,822914
2021-10-12 00:00:00+05:30,1209.0,1215.0,1198.15,1210.6,815338
2021-10-13 00:00:00+05:30,1210.6,1218.65,1184.4,1191.75,1281752
2021-10-14 00:00:00+05:30,1192.95,1198.9,1173.8,1185.55,2080766
2021-10-18 00:00:00+05:30,1220.0,1220.0,1185.55,1192.5,934860
2021-10-19 00:00:00+05:30,1193.5,1215.9,1186.55,1193.45,1313098
2021-10-20 00:00:00+05:30,1199.0,1203.0,1155.9,1168.75,2063277
2021-10-21 00:00:00+05:30,1170.0,1184.45,1138.05,1158.3,1985866
2021-10-22 00:00:00+05:30,1168.0,1171.8,1141.7,1167.2,1112991
2021-10-25 00:00:00+05:30,1157.6,1166.95,1126.3,1129.7,1843700
2021-10-26 00:00:00+05:30,1135.0,1178.3,1134.0,1172.05,1572647
2021-10-27 00:00:00+05:30,1175.4,1202.05,1175.3,1186.0,1916766
2021-10-28 00:00:00+05:30,1210.0,1221.75,1158.1,1167.1,3565017
2021-10-29 00:00:00+05:30,1167.1,1180.0,1142.1,1145.55,1518940
2021-11-01 00:00:00+05:30,1148.0,1173.05,1138.55,1163.35,972538
2021-11-02 00:00:00+05:30,1163.35,1172.25,1155.3,1166.05,1159884
2021-11-03 00:00:00+05:30,1170.0,1198.4,1167.0,1178.8,1941052
2021-11-04 00:00:00+05:30,1189.95,1189.95,1172.55,1181.75,119047
2021-11-08 00:00:00+05:30,1183.0,1202.1,1177.35,1200.65,1361707
2021-11-09 00:00:00+05:30,1212.0,1212.0,1192.4,1207.25,1521269
2021-11-10 00:00:00+05:30,1197.1,1204.8,1181.05,1183.75,842679
2021-11-11 00:00:00+05:30,1178.0,1192.1,1150.1,1153.2,1271079
2021-11-12 00:00:00+05:30,1154.0,1177.0,1147.6,1174.9,1281030
2021-11-15 00:00:00+05:30,1177.2,1179.5,1155.5,1159.9,662558
2021-11-16 00:00:00+05:30,1169.9,1174.15,1150.65,1153.0,694696
2021-11-17 00:00:00+05:30,1150.0,1196.95,1150.0,1187.2,2862829
2021-11-18 00:00:00+05:30,1190.0,1205.0,1178.5,1182.05,1527355
2021-11-22 00:00:00+05:30,1182.05,1189.65,1137.15,1150.65,772737
2021-11-23 00:00:00+05:30,1143.6,1159.2,1131.55,1153.5,820238
2021-11-24 00:00:00+05:30,1159.25,1181.35,1152.0,1163.75,1136850
2021-11-25 00:00:00+05:30,1157.75,1174.0,1152.5,1159.5,768462
2021-11-26 00:00:00+05:30,1154.0,1154.0,1105.25,1130.35,2315515
2021-11-29 00:00:00+05:30,1112.0,1147.85,1103.75,1136.25,1120859
2021-11-30 00:00:00+05:30,1135.0,1167.9,1134.15,1160.55,2253521
2021-12-01 00:00:00+05:30,1160.8,1179.45,1155.5,1164.85,1239348
2021-12-02 00:00:00+05:30,1170.65,1190.0,1157.05,1188.05,1030248
2021-12-03 00:00:00+05:30,1177.0,1188.05,1163.7,1165.95,1327943
2021-12-06 00:00:00+05:30,1165.95,1179.0,1145.0,1148.5,936271
2021-12-07 00:00:00+05:30,1157.0,1162.45,1139.0,1159.15,2090791
2021-12-08 00:00:00+05:30,1165.0,1173.0,1158.6,1169.5,2315306
2021-12-09 00:00:00+05:30,1180.0,1184.95,1153.1,1161.35,1136171
2021-12-10 00:00:00+05:30,1161.0,1177.8,1156.8,1175.6,949040
2021-12-13 00:00:00+05:30,1182.0,1204.65,1178.0,1186.65,2187282
2021-12-14 00:00:00+05:30,1179.0,1192.9,1178.15,1188.55,1171502
2021-12-15 00:00:00+05:30,1188.55,1190.65,1162.3,1174.65,857540
2021-12-16 00:00:00+05:30,1178.5,1186.95,1160.15,1163.8,993629
2021-12-17 00:00:00+05:30,1156.0,1161.95,1137.0,1142.55,982598
2021-12-20 00:00:00+05:30,1139.5,1142.55,1100.6,1125.7,1341693
2021-12-21 00:00:00+05:30,1135.6,1141.45,1117.7,1135.25,878721
2021-12-22 00:00:00+05:30,1139.35,1139.9,1118.95,1124.3,846447
2021-12-23 00:00:00+05:30,1134.0,1134.0,1116.15,1125.45,1026376
2021-12-24 00:00:00+05:30,1130.8,1153.65,1126.0,1148.2,1930715
2021-12-27 00:00:00+05:30,1148.0,1165.05,1135.35,1161.95,798129
2021-12-28 00:00:00+05:30,1165.3,1182.5,1161.6,1177.6,776910
2021-12-29 00:00:00+05:30,1177.6,1192.2,1167.0,1185.65,1400668
2021-12-30 00:00:00+05:30,1183.9,1202.7,1180.9,1195.2,1335116
2021-12-31 00:00:00+05:30,1199.0,1204.95,1187.1,1196.0,843128
2022-01-03 00:00:00+05:30,1196.0,1214.45,1196.0,1209.4,925281
2022-01-04 00:00:00+05:30,1206.3,1227.0,1205.5,1220.6,1409464
2022-01-05 00:00:00+05:30,1215.0,1225.0,1213.75,1219.85,378090
2022-01-06 00:00:00+05:30,1208.8,1228.45,1202.15,1205.6,1387627
2022-01-07 00:00:00+05:30,1208.0,1219.25,1206.0,1217.4,1050768
2022-01-10 00:00:00+05:30,1219.0,1240.7,1213.3,1229.1,1379165
2022-01-11 00:00:00+05:30,1230.8,1239.95,1224.1,1233.4,985871
2022-01-12 00:00:00+05:30,1240.0,1255.4,1231.15,1249.4,1371034
2022-01-13 00:00:00+05:30,1255.0,1261.0,1246.0,1258.7,933511
2022-01-14 00:00:00+05:30,1259.0,1272.25,1254.5,1263.6,895522
2022-01-17 00:00:00+05:30,1256.3,1293.25,1256.3,1287.95,1427239
2022-01-18 00:00:00+05:30,1287.95,1293.0,1263.1,1265.9,869578
2022-01-19 00:00:00+05:30,1263.0,1272.1,1240.6,1248.1,625670
2022-01-20 00:00:00+05:30,1248.0,1255.65,1230.95,1238.7,716954
2022-01-21 00:00:00+05:30,1225.0,1263.2,1201.0,1240.65,2421446
2022-01-24 00:00:00+05:30,1240.0,1240.0,1205.15,1225.0,1073781
2022-01-25 00:00:00+05:30,1212.1,1232.9,1210.25,1228.0,1083251
2022-01-27 00:00:00+05:30,1219.0,1221.9,1201.85,1211.65,1793456
2022-01-28 00:00:00+05:30,1210.0,1237.75,1201.0,1205.55,635096
2022-01-31 00:00:00+05:30,1210.0,1238.4,1206.05,1233.25,1771932
2022-02-01 00:00:00+05:30,1250.0,1250.0,1202.6,1214.95,1593083
2022-02-02 00:00:00+05:30,1216.7,1227.55,1211.05,1220.1,937000
2022-02-03 00:00:00+05:30,1218.05,1220.0,1175.6,1185.2,1236574
2022-02-04 00:00:00+05:30,1194.0,1194.0,1165.15,1172.1,856452
2022-02-07 00:00:00+05:30,1161.8,1171.7,1131.9,1144.0,1519928
2022-02-08 00:00:00+05:30,1145.0,1149.0,1117.35,1131.15,1511667
2022-02-09 00:00:00+05:30,1132.0,1140.8,1118.0,1125.7,1741687
2022-02-10 00:00:00+05:30,1125.0,1150.0,1108.0,1146.25,2030639
2022-02-11 00:00:00+05:30,1144.85,1144.85,1124.0,1133.3,1942394
2022-02-14 00:00:00+05:30,1125.0,1127.0,1090.0,1096.3,2448602
2022-02-15 00:00:00+05:30,1096.0,1123.65,1086.2,1119.95,1245681
2022-02-16 00:00:00+05:30,1128.0,1131.5,1102.0,1122.15,1294606
2022-02-17 00:00:00+05:30,1128.0,1132.85,1111.9,1126.35,1182862
2022-02-18 00:00:00+05:30,1124.8,1160.9,1111.35,1150.5,1734791
2022-02-21 00:00:00+05:30,1145.0,1150.5,1123.0,1134.75,1020384
2022-02-22 00:00:00+05:30,1106.0,1126.5,1096.1,1100.95,2115917
2022-02-23 00:00:00+05:30,1108.0,1114.95,1098.7,1101.75,1743770
2022-02-24 00:00:00+05:30,1078.0,1091.5,1040.7,1054.2,2088599
2022-02-25 00:00:00+05:30,1060.0,1077.7,1049.0,1055.6,1415912
2022-02-28 00:00:00+05:30,1049.0,1062.8,1016.85,1060.15,1566146
2022-03-02 00:00:00+05:30,1060.0,1125.0,1056.05,1121.15,3762611
2022-03-03 00:00:00+05:30,1120.1,1126.75,1075.15,1081.3,1105747
2022-03-04 00:00:00+05:30,1071.5,1077.4,1049.75,1057.35,1586668
2022-03-07 00:00:00+05:30,1026.6,1048.8,1023.0,1028.9,852067
2022-03-08 00:00:00+05:30,1009.0,1039.75,1003.5,1031.95,1580056
2022-03-09 00:00:00+05:30,1035.8,1041.95,1020.8,1025.2,1409037
2022-03-10 00:00:00+05:30,1039.0,1057.1,1036.05,1050.05,1580932
2022-03-11 00:00:00+05:30,1050.0,1066.1,1041.65,1058.5,698477
2022-03-14 00:00:00+05:30,1047.0,1072.6,1040.15,1069.7,1278905
2022-03-15 00:00:00+05:30,1069.05,1079.35,1060.0,1070.55,1068905
2022-03-16 00:00:00+05:30,1075.9,1097.8,1075.0,1085.75,1616431
2022-03-17 00:00:00+05:30,1096.0,1140.0,1088.1,1128.55,1867149
2022-03-21 00:00:00+05:30,1139.0,1139.0,1094.0,1095.8,849763
2022-03-22 00:00:00+05:30,1092.5,1101.85,1070.0,1097.65,998586
2022-03-23 00:00:00+05:30,1110.45,1117.7,1079.1,1092.25,1054362
2022-03-24 00:00:00+05:30,1088.0,1097.5,1084.3,1088.95,526345
2022-03-25 00:00:00+05:30,1094.0,1101.3,1085.6,1092.6,598919
2022-03-28 00:00:00+05:30,1092.9,1103.8,1056.0,1077.0,926829
2022-03-29 00:00:00+05:30,1111.0,1114.95,1086.4,1101.25,2864668
2022-03-30 00:00:00+05:30,1110.0,1127.65,1103.5,1121.8,1287813
2022-03-31 00:00:00+05:30,1128.0,1128.0,1114.45,1121.45,749342
2022-04-01 00:00:00+05:30,1119.0,1120.8,1089.0,1113.35,1519104
2022-04-04 00:00:00+05:30,1113.35,1129.9,1104.0,1126.3,1802143
2022-04-05 00:00:00+05:30,1123.05,1130.2,1111.0,1118.35,773451
2022-04-06 00:00:00+05:30,1111.0,1122.45,1101.5,1107.1,1354847
2022-04-07 00:00:00+05:30,1103.5,1115.75,1100.0,1108.85,966698
2022-04-08 00:00:00+05:30,1109.0,1165.0,1109.0,1160.45,2390240
2022-04-11 00:00:00+05:30,1160.0,1160.0,1133.05,1142.5,1318874
2022-04-12 00:00:00+05:30,1141.0,1153.0,1119.05,1149.1,1506254
2022-04-13 00:00:00+05:30,1150.0,1157.9,1140.0,1146.9,509293
2022-04-18 00:00:00+05:30,1145.0,1181.95,1133.6,1173.4,2382085
2022-04-19 00:00:00+05:30,1184.95,1184.95,1112.0,1124.7,971382
2022-04-20 00:00:00+05:30,1127.5,1135.7,1117.7,1128.35,645638
2022-04-21 00:00:00+05:30,1125.2,1148.6,1125.2,1144.55,731288
2022-04-22 00:00:00+05:30,1133.5,1140.0,1122.0,1137.25,824665
2022-04-25 00:00:00+05:30,1120.0,1129.2,1087.45,1091.25,1073577
2022-04-26 00:00:00+05:30,1106.0,1106.0,1083.6,1094.85,922785
2022-04-27 00:00:00+05:30,1093.0,1098.9,1061.2,1074.2,1202603
2022-04-28 00:00:00+05:30,1068.5,1125.0,1066.4,1116.85,1643102
2022-04-29 00:00:00+05:30,1114.5,1132.6,1066.25,1105.5,3259418
2022-05-02 00:00:00+05:30,1088.95,1093.4,1064.2,1081.05,1925857
2022-05-04 00:00:00+05:30,1081.05,1096.95,1065.0,1077.85,1169983
2022-05-05 00:00:00+05:30,1082.0,1115.0,1080.0,1083.65,814132
2022-05-06 00:00:00+05:30,1073.0,1081.0,1052.2,1059.15,1350057
2022-05-09 00:00:00+05:30,1034.0,1074.9,1033.2,1064.45,1201027
2022-05-10 00:00:00+05:30,1070.0,1096.8,1062.0,1081.05,1410429
2022-05-11 00:00:00+05:30,1079.0,1104.45,1079.0,1087.15,1886732
2022-05-12 00:00:00+05:30,1075.5,1081.95,1048.0,1060.6,1457225
2022-05-13 00:00:00+05:30,1075.0,1079.0,1038.55,1044.95,1108831
2022-05-16 00:00:00+05:30,1045.0,1054.0,1034.15,1044.65,590395
2022-05-17 00:00:00+05:30,1042.0,1075.35,1036.3,1070.4,545334
2022-05-18 00:00:00+05:30,1063.5,1085.0,1061.0,1073.9,775879
2022-05-19 00:00:00+05:30,1073.9,1073.9,1047.0,1056.65,1069562
2022-05-20 00:00:00+05:30,1081.0,1083.5,1061.35,1071.35,941175
2022-05-23 00:00:00+05:30,1062.0,1091.9,1062.0,1076.5,620152
2022-05-24 00:00:00+05:30,1072.75,1083.6,1057.25,1073.4,847697
2022-05-25 00:00:00+05:30,1078.0,1116.0,1078.0,1096.0,3185769
2022-05-26 00:00:00+05:30,1097.0,1109.8,1073.4,1105.35,1177148
2022-05-27 00:00:00+05:30,1115.0,1129.4,1102.85,1121.1,687512
2022-05-30 00:00:00+05:30,1125.4,1150.0,1118.85,1148.4,580398
2022-05-31 00:00:00+05:30,1154.0,1180.9,1139.6,1174.15,2649820
2022-06-01 00:00:00+05:30,1162.0,1176.0,1144.05,1152.75,683413
2022-06-02 00:00:00+05:30,1140.2,1148.0,1121.3,1143.75,950691
2022-06-03 00:00:00+05:30,1154.0,1161.85,1138.95,1141.15,917466
2022-06-06 00:00:00+05:30,1135.6,1149.6,1134.1,1142.0,1199089
2022-06-07 00:00:00+05:30,1135.05,1138.0,1113.5,1134.3,848821
2022-06-08 00:00:00+05:30,1144.25,1159.2,1129.2,1136.05,1387431
2022-06-09 00:00:00+05:30,1136.95,1167.25,1130.55,1163.7,1142045
2022-06-10 00:00:00+05:30,1154.75,1163.7,1152.25,1154.9,611509
2022-06-13 00:00:00+05:30,1137.05,1161.8,1130.35,1133.7,1014220
2022-06-14 00:00:00+05:30,1125.0,1145.0,1124.15,1132.1,768306
2022-06-15 00:00:00+05:30,1140.0,1144.7,1122.8,1125.75,947417
2022-06-16 00:00:00+05:30,1131.35,1137.65,1099.9,1105.15,1385141
2022-06-17 00:00:00+05:30,1105.15,1114.35,1075.9,1082.1,1535565
2022-06-20 00:00:00+05:30,1078.15,1092.8,1069.15,1075.95,532685
2022-06-21 00:00:00+05:30,1080.1,1098.5,1077.35,1096.35,659138
2022-06-22 00:00:00+05:30,1095.5,1096.0,1062.6,1070.45,560136
2022-06-23 00:00:00+05:30,1077.0,1083.0,1061.45,1073.85,895014
2022-06-24 00:00:00+05:30,1072.1,1092.9,1072.1,1078.55,492066
2022-06-27 00:00:00+05:30,1083.9,1096.6,1077.05,1084.55,793805
2022-06-28 00:00:00+05:30,1085.0,1090.0,1068.0,1078.05,572706
2022-06-29 00:00:00+05:30,1070.05,1088.0,1051.55,1067.65,1224658
2022-06-30 00:00:00+05:30,1073.5,1092.65,1057.55,1081.6,1569542
2022-07-01 00:00:00+05:30,1085.45,1105.35,1075.0,1099.85,696341
2022-07-04 00:00:00+05:30,1105.0,1122.0,1095.1,1117.65,1436248
2022-07-05 00:00:00+05:30,1118.0,1131.35,1106.95,1111.0,1020111
2022-07-06 00:00:00+05:30,1114.2,1125.0,1111.0,1116.1,602752
2022-07-07 00:00:00+05:30,1121.7,1130.0,1111.15,1124.6,792663
2022-07-08 00:00:00+05:30,1135.8,1149.4,1127.55,1146.9,1135110
2022-07-11 00:00:00+05:30,1145.95,1155.1,1141.05,1147.4,543156
2022-07-12 00:00:00+05:30,1143.0,1147.0,1134.1,1139.75,331672
2022-07-13 00:00:00+05:30,1145.45,1150.8,1137.6,1139.85,368619
2022-07-14 00:00:00+05:30,1143.1,1146.9,1130.05,1138.95,728701
2022-07-15 00:00:00+05:30,1144.65,1158.1,1136.85,1155.45,591171
2022-07-18 00:00:00+05:30,1165.45,1186.85,1157.3,1177.15,1044459
2022-07-19 00:00:00+05:30,1176.4,1185.95,1155.5,1169.95,1099874
2022-07-20 00:00:00+05:30,1175.0,1199.0,1163.5,1186.05,1608377
2022-07-21 00:00:00+05:30,1187.0,1187.0,1163.0,1168.55,1048591
2022-07-22 00:00:00+05:30,1169.55,1176.2,1158.4,1164.95,753148
2022-07-25 00:00:00+05:30,1172.0,1172.0,1139.2,1144.95,934158
2022-07-26 00:00:00+05:30,1142.0,1150.1,1135.0,1138.2,687125
2022-07-27 00:00:00+05:30,1140.0,1177.5,1132.2,1149.35,1554002
2022-07-28 00:00:00+05:30,1155.0,1195.0,1147.5,1191.45,1043318
2022-07-29 00:00:00+05:30,1262.7,1304.7,1241.0,1294.4,7628351
2022-08-01 00:00:00+05:30,1300.0,1317.25,1287.4,1313.3,2973441
2022-08-02 00:00:00+05:30,1310.0,1312.8,1280.45,1285.2,1673860
2022-08-03 00:00:00+05:30,1283.0,1287.55,1258.6,1283.55,1409000
2022-08-04 00:00:00+05:30,1284.1,1286.95,1270.25,1278.8,1015838
2022-08-05 00:00:00+05:30,1285.2,1287.85,1260.95,1266.65,922856
2022-08-08 00:00:00+05:30,1261.2,1272.35,1251.25,1269.9,1002771
2022-08-10 00:00:00+05:30,1270.0,1294.3,1269.05,1273.2,1187710
2022-08-11 00:00:00+05:30,1279.6,1283.95,1259.05,1261.5,943196
2022-08-12 00:00:00+05:30,1255.5,1289.85,1252.5,1286.55,1572048
2022-08-16 00:00:00+05:30,1289.0,1321.0,1287.05,1309.6,1710276
2022-08-17 00:00:00+05:30,1305.0,1321.0,1292.45,1305.35,1209377
2022-08-18 00:00:00+05:30,1306.0,1333.0,1303.35,1324.2,1498235
2022-08-19 00:00:00+05:30,1320.0,1334.7,1293.35,1296.95,961803
2022-08-22 00:00:00+05:30,1292.05,1311.4,1271.15,1276.0,966451
2022-08-23 00:00:00+05:30,1276.0,1292.65,1270.0,1279.25,803737
2022-08-24 00:00:00+05:30,1284.0,1289.95,1272.25,1287.5,684029
2022-08-25 00:00:00+05:30,1288.0,1316.0,1288.0,1297.0,1286241
2022-08-26 00:00:00+05:30,1306.0,1327.5,1306.0,1313.7,869870
2022-08-29 00:00:00+05:30,1256.0,1310.9,1256.0,1298.2,737193
2022-08-30 00:00:00+05:30,1300.1,1333.65,1300.1,1329.1,1086386
2022-09-01 00:00:00+05:30,1291.1,1313.0,1291.0,1296.55,2045072
2022-09-02 00:00:00+05:30,1303.05,1311.0,1282.7,1288.2,1141002
2022-09-05 00:00:00+05:30,1294.65,1296.0,1282.0,1293.4,440939
2022-09-06 00:00:00+05:30,1293.0,1317.0,1285.05,1311.35,1792194
2022-09-07 00:00:00+05:30,1304.0,1337.4,1301.2,1331.55,839563
2022-09-08 00:00:00+05:30,1338.0,1340.35,1304.75,1317.7,1205449
2022-09-09 00:00:00+05:30,1322.05,1326.95,1291.3,1297.45,548609
2022-09-12 00:00:00+05:30,1297.8,1311.0,1295.05,1306.0,1002755
2022-09-13 00:00:00+05:30,1312.55,1335.0,1311.0,1324.4,1160040
2022-09-14 00:00:00+05:30,1304.95,1320.0,1300.0,1303.3,800852
2022-09-15 00:00:00+05:30,1309.85,1317.0,1276.6,1295.0,1441219
2022-09-16 00:00:00+05:30,1289.0,1302.95,1266.0,1272.25,1717631
2022-09-19 00:00:00+05:30,1278.5,1308.0,1272.45,1303.3,859607
2022-09-20 00:00:00+05:30,1309.85,1322.5,1306.65,1309.3,671787
2022-09-21 00:00:00+05:30,1309.3,1318.75,1298.0,1306.3,453755
2022-09-22 00:00:00+05:30,1297.0,1299.95,1269.0,1285.5,932867
2022-09-23 00:00:00+05:30,1274.0,1289.95,1265.55,1273.0,415333
2022-09-26 00:00:00+05:30,1271.8,1271.8,1251.85,1259.8,1271968
2022-09-27 00:00:00+05:30,1266.0,1270.65,1237.3,1242.3,821405
2022-09-28 00:00:00+05:30,1227.5,1250.85,1215.0,1238.8,1102669
2022-09-29 00:00:00+05:30,1245.0,1251.0,1236.0,1239.8,1382993
2022-09-30 00:00:00+05:30,1243.0,1258.0,1234.55,1250.45,1344894
2022-10-03 00:00:00+05:30,1255.6,1256.65,1227.85,1237.25,981699
2022-10-04 00:00:00+05:30,1252.25,1265.0,1250.05,1260.65,420656
2022-10-06 00:00:00+05:30,1267.0,1279.95,1242.45,1245.15,900769
2022-10-07 00:00:00+05:30,1239.1,1256.9,1238.35,1243.2,570691
2022-10-10 00:00:00+05:30,1230.0,1243.95,1218.05,1239.3,539842
2022-10-11 00:00:00+05:30,1240.05,1243.0,1200.15,1206.35,712461
2022-10-12 00:00:00+05:30,1206.0,1220.45,1200.3,1212.2,721135
2022-10-13 00:00:00+05:30,1207.0,1216.55,1185.05,1187.9,689562
2022-10-14 00:00:00+05:30,1201.0,1217.05,1177.6,1179.8,717290
2022-10-17 00:00:00+05:30,1178.0,1198.65,1167.6,1189.8,1615547
2022-10-18 00:00:00+05:30,1195.75,1226.0,1193.15,1219.05,1367703
2022-10-19 00:00:00+05:30,1220.0,1233.8,1213.35,1227.1,947326
2022-10-20 00:00:00+05:30,1220.0,1230.0,1214.0,1222.95,878595
2022-10-21 00:00:00+05:30,1228.45,1250.25,1227.0,1246.35,1020728
2022-10-24 00:00:00+05:30,1268.95,1268.95,1238.8,1257.6,157253
2022-10-25 00:00:00+05:30,1261.6,1278.6,1243.2,1254.85,1260061
2022-10-27 00:00:00+05:30,1255.5,1264.0,1243.55,1252.9,1512949
2022-10-28 00:00:00+05:30,1259.2,1265.35,1244.45,1252.8,528795
2022-10-31 00:00:00+05:30,1259.1,1273.75,1255.3,1265.95,539055
2022-11-01 00:00:00+05:30,1265.95,1286.4,1260.05,1268.75,1038607
2022-11-02 00:00:00+05:30,1275.1,1279.4,1262.5,1272.65,369486
2022-11-03 00:00:00+05:30,1263.0,1281.0,1263.0,1276.05,431610
2022-11-04 00:00:00+05:30,1280.0,1281.85,1259.5,1265.6,336277
2022-11-07 00:00:00+05:30,1271.95,1282.0,1265.4,1278.65,474230
2022-11-09 00:00:00+05:30,1290.0,1290.0,1256.05,1263.8,992095
2022-11-10 00:00:00+05:30,1268.1,1268.1,1225.95,1238.35,497796
2022-11-11 00:00:00+05:30,1251.0,1273.2,1238.35,1250.25,1136441
2022-11-14 00:00:00+05:30,1251.0,1259.9,1239.95,1248.6,772676
2022-11-15 00:00:00+05:30,1248.6,1262.0,1238.5,1259.3,775345
2022-11-16 00:00:00+05:30,1260.0,1265.55,1246.3,1254.9,1280120
2022-11-17 00:00:00+05:30,1255.5,1261.15,1244.0,1254.35,796479
2022-11-18 00:00:00+05:30,1254.35,1261.0,1237.65,1242.75,1253218
2022-11-21 00:00:00+05:30,1230.1,1248.9,1205.5,1226.6,1040107
2022-11-22 00:00:00+05:30,1232.7,1235.95,1219.65,1229.05,750489
2022-11-23 00:00:00+05:30,1234.95,1235.0,1217.15,1226.3,880563
2022-11-24 00:00:00+05:30,1230.0,1245.35,1220.25,1240.65,1717980
2022-11-25 00:00:00+05:30,1248.2,1254.95,1229.1,1235.25,1429364
2022-11-28 00:00:00+05:30,1230.0,1269.5,1227.0,1253.5,1073327
2022-11-29 00:00:00+05:30,1253.5,1273.3,1247.95,1258.4,1070183
2022-11-30 00:00:00+05:30,1258.35,1289.7,1252.75,1282.9,1401332
2022-12-01 00:00:00+05:30,1290.0,1298.15,1276.2,1290.75,949604
2022-12-02 00:00:00+05:30,1292.0,1299.95,1265.0,1295.15,1614314
2022-12-05 00:00:00+05:30,1298.1,1298.1,1273.65,1284.55,684421
2022-12-06 00:00:00+05:30,1286.0,1313.5,1281.55,1285.1,1991151
2022-12-07 00:00:00+05:30,1285.9,1296.6,1259.0,1262.05,636553
2022-12-08 00:00:00+05:30,1242.0,1268.75,1242.0,1266.85,608199
2022-12-09 00:00:00+05:30,1277.0,1277.0,1257.05,1269.65,679420
2022-12-12 00:00:00+05:30,1268.95,1273.0,1253.05,1263.2,498780
2022-12-13 00:00:00+05:30,1265.5,1280.35,1259.25,1277.8,598044
2022-12-14 00:00:00+05:30,1285.0,1286.0,1266.6,1269.75,609946
2022-12-15 00:00:00+05:30,1274.95,1295.0,1268.65,1273.5,1303760
2022-12-16 00:00:00+05:30,1263.0,1278.75,1250.6,1254.15,722024
2022-12-19 00:00:00+05:30,1254.2,1270.9,1251.35,1267.5,378502
2022-12-20 00:00:00+05:30,1260.0,1269.0,1229.05,1231.25,1478618
2022-12-21 00:00:00+05:30,1231.05,1244.8,1221.6,1234.35,1281437
2022-12-22 00:00:00+05:30,1234.4,1249.0,1229.15,1244.75,1176517
2022-12-23 00:00:00+05:30,1239.3,1248.0,1216.75,1224.6,877135
2022-12-26 00:00:00+05:30,1222.95,1249.35,1205.0,1243.3,567165
2022-12-27 00:00:00+05:30,1243.5,1254.75,1235.1,1241.05,471890
2022-12-28 00:00:00+05:30,1241.0,1249.9,1232.1,1242.05,376439
2022-12-29 00:00:00+05:30,1238.0,1262.8,1229.05,1258.6,678487
2022-12-30 00:00:00+05:30,1262.0,1263.8,1228.8,1231.3,1052741
2023-01-02 00:00:00+05:30,1230.0,1247.65,1222.0,1240.05,703923
2023-01-03 00:00:00+05:30,1244.7,1275.0,1226.4,1268.4,1871263
2023-01-04 00:00:00+05:30,1268.35,1282.3,1253.05,1259.05,1073081
2023-01-05 00:00:00+05:30,1260.65,1274.55,1255.05,1267.65,878852
2023-01-06 00:00:00+05:30,1270.95,1287.35,1266.5,1269.05,1675874
2023-01-09 00:00:00+05:30,1275.4,1313.9,1271.15,1306.35,1432882
2023-01-10 00:00:00+05:30,1306.35,1313.65,1297.9,1302.6,1000059
2023-01-11 00:00:00+05:30,1309.15,1309.15,1287.35,1291.3,652049
2023-01-12 00:00:00+05:30,1291.3,1320.0,1291.3,1315.7,1377949
2023-01-13 00:00:00+05:30,1319.0,1326.0,1306.0,1312.95,1214977
2023-01-16 00:00:00+05:30,1319.55,1322.75,1295.0,1300.9,600742
2023-01-17 00:00:00+05:30,1304.7,1310.4,1294.5,1298.45,895667
2023-01-18 00:00:00+05:30,1309.0,1322.0,1302.15,1310.65,1078873
2023-01-19 00:00:00+05:30,1313.0,1330.0,1303.6,1323.1,1189082
2023-01-20 00:00:00+05:30,1324.05,1325.95,1292.35,1296.1,966855
2023-01-23 00:00:00+05:30,1285.0,1318.15,1280.0,1295.4,1367408
2023-01-24 00:00:00+05:30,1296.0,1301.0,1270.2,1273.25,657428
2023-01-25 00:00:00+05:30,1273.2,1278.8,1250.05,1257.45,599832
2023-01-27 00:00:00+05:30,1263.7,1291.5,1230.0,1250.25,1164597
2023-01-30 00:00:00+05:30,1222.0,1244.45,1215.6,1233.45,1694822
2023-01-31 00:00:00+05:30,1243.7,1243.7,1212.55,1219.55,1760628
2023-02-01 00:00:00+05:30,1219.55,1228.75,1068.85,1109.4,8470232
2023-02-02 00:00:00+05:30,1090.2,1155.0,1088.75,1107.5,8566734
2023-02-03 00:00:00+05:30,1115.0,1145.65,1115.0,1138.05,4061171
2023-02-06 00:00:00+05:30,1127.2,1146.85,1115.0,1138.4,2909587
2023-02-07 00:00:00+05:30,1143.0,1147.85,1124.45,1131.75,1741642
2023-02-08 00:00:00+05:30,1140.0,1172.0,1135.15,1164.5,3265863
2023-02-09 00:00:00+05:30,1170.6,1185.0,1162.75,1180.45,2186484
2023-02-10 00:00:00+05:30,1179.85,1187.5,1167.05,1184.5,1655228
2023-02-13 00:00:00+05:30,1180.2,1187.95,1173.05,1179.1,812659
2023-02-14 00:00:00+05:30,1178.0,1181.45,1155.1,1161.7,990530
2023-02-15 00:00:00+05:30,1160.9,1183.85,1150.0,1180.35,1243115
2023-02-16 00:00:00+05:30,1186.3,1186.3,1169.55,1174.1,356750
2023-02-17 00:00:00+05:30,1175.6,1175.6,1137.25,1149.7,909951
2023-02-20 00:00:00+05:30,1144.0,1170.65,1141.15,1158.4,488052
2023-02-21 00:00:00+05:30,1164.2,1168.0,1144.2,1150.35,610755
2023-02-22 00:00:00+05:30,1148.9,1148.95,1125.15,1131.15,944068
2023-02-23 00:00:00+05:30,1136.85,1141.9,1123.85,1135.4,768179
2023-02-24 00:00:00+05:30,1136.1,1142.35,1119.2,1122.05,973799
2023-02-27 00:00:00+05:30,1122.05,1135.0,1110.45,1129.15,987563
2023-02-28 00:00:00+05:30,1131.4,1134.9,1109.05,1121.0,1219508
2023-03-01 00:00:00+05:30,1126.65,1126.65,1108.8,1118.15,675500
2023-03-02 00:00:00+05:30,1121.7,1123.0,1098.1,1100.15,491880
2023-03-03 00:00:00+05:30,1100.15,1132.7,1100.15,1129.25,922485
2023-03-06 00:00:00+05:30,1132.0,1145.95,1125.0,1128.7,920574
2023-03-08 00:00:00+05:30,1130.0,1141.3,1110.7,1129.2,959097
2023-03-09 00:00:00+05:30,1129.2,1134.7,1092.0,1096.7,1239659
2023-03-10 00:00:00+05:30,1093.0,1100.55,1083.95,1095.9,893708
2023-03-13 00:00:00+05:30,1092.0,1101.4,1066.15,1072.5,875379
2023-03-14 00:00:00+05:30,1074.8,1092.55,1071.0,1077.1,1089923
2023-03-15 00:00:00+05:30,1080.0,1081.4,1062.0,1067.05,1566147
2023-03-16 00:00:00+05:30,1071.95,1088.55,1054.6,1062.65,1023855
2023-03-17 00:00:00+05:30,1068.0,1091.1,1066.15,1071.6,1569036
2023-03-20 00:00:00+05:30,1071.6,1089.95,1054.0,1074.1,842875
2023-03-21 00:00:00+05:30,1075.05,1099.7,1075.05,1097.7,842669
2023-03-22 00:00:00+05:30,1119.5,1127.65,1103.05,1113.1,1399723
2023-03-23 00:00:00+05:30,1113.8,1125.55,1105.0,1118.65,463672
2023-03-24 00:00:00+05:30,1110.0,1121.85,1088.5,1112.2,1019781
2023-03-27 00:00:00+05:30,1109.7,1116.6,1095.1,1099.3,1078978
2023-03-28 00:00:00+05:30,1104.8,1106.5,1088.05,1091.3,609715
2023-03-29 00:00:00+05:30,1094.0,1106.0,1083.25,1098.7,890212
2023-03-31 00:00:00+05:30,1100.2,1112.95,1097.25,1101.1,959958
2023-04-03 00:00:00+05:30,1100.0,1126.8,1091.8,1103.8,1689388
2023-04-05 00:00:00+05:30,1109.55,1118.9,1100.45,1105.55,713828
2023-04-06 00:00:00+05:30,1108.9,1120.0,1105.0,1116.25,959185
2023-04-10 00:00:00+05:30,1119.4,1119.45,1104.05,1106.25,985731
2023-04-11 00:00:00+05:30,1110.9,1131.85,1108.4,1112.65,913188
2023-04-12 00:00:00+05:30,1118.5,1130.0,1112.1,1126.85,784276
2023-04-13 00:00:00+05:30,1126.85,1139.0,1123.5,1130.25,1508398
2023-04-17 00:00:00+05:30,1120.0,1150.75,1119.0,1145.35,1053536
2023-04-18 00:00:00+05:30,1145.35,1153.3,1140.1,1145.55,521013
2023-04-19 00:00:00+05:30,1140.0,1145.25,1120.5,1123.4,1033060
2023-04-20 00:00:00+05:30,1123.4,1131.8,1112.5,1128.85,663526
2023-04-21 00:00:00+05:30,1136.6,1136.6,1103.35,1106.55,835506
2023-04-24 00:00:00+05:30,1106.0,1113.65,1090.6,1105.7,1337055
2023-04-25 00:00:00+05:30,1106.0,1122.15,1101.05,1105.85,1099269
2023-04-26 00:00:00+05:30,1106.0,1122.0,1104.0,1118.3,993607
2023-04-27 00:00:00+05:30,1138.75,1145.0,1125.0,1137.05,1895316
2023-04-28 00:00:00+05:30,1148.0,1148.0,1130.15,1140.1,1380448
2023-05-02 00:00:00+05:30,1147.0,1158.25,1144.35,1150.9,916515
2023-05-03 00:00:00+05:30,1148.5,1150.1,1134.3,1136.9,623440
2023-05-04 00:00:00+05:30,1136.95,1169.9,1136.95,1167.45,2409910
2023-05-05 00:00:00+05:30,1172.0,1183.25,1167.5,1173.7,1360996
2023-05-08 00:00:00+05:30,1178.0,1185.7,1168.0,1182.35,1221625
2023-05-09 00:00:00+05:30,1183.95,1189.95,1176.9,1183.15,1412254
2023-05-10 00:00:00+05:30,1184.4,1195.0,1181.35,1188.8,1420187
2023-05-11 00:00:00+05:30,1189.1,1195.8,1179.05,1185.4,621616
2023-05-12 00:00:00+05:30,1180.0,1193.95,1174.0,1187.05,1158276
2023-05-15 00:00:00+05:30,1181.1,1194.5,1181.1,1189.45,680497
2023-05-16 00:00:00+05:30,1196.0,1201.8,1174.2,1180.75,926172
2023-05-17 00:00:00+05:30,1182.8,1184.95,1159.2,1162.6,688730
2023-05-18 00:00:00+05:30,1162.6,1172.85,1150.5,1152.7,1133501
2023-05-19 00:00:00+05:30,1152.7,1157.7,1142.55,1154.15,333053
2023-05-22 00:00:00+05:30,1157.45,1159.9,1149.2,1150.8,392404
2023-05-23 00:00:00+05:30,1147.0,1167.85,1144.85,1165.6,1139676
2023-05-24 00:00:00+05:30,1169.5,1177.15,1158.8,1175.35,995336
2023-05-25 00:00:00+05:30,1175.35,1182.0,1171.5,1177.35,1136179
2023-05-26 00:00:00+05:30,1175.0,1203.7,1173.15,1195.75,703725
2023-05-29 00:00:00+05:30,1198.95,1231.9,1197.1,1218.1,1370649
2023-05-30 00:00:00+05:30,1214.65,1217.8,1200.85,1215.9,745769
2023-05-31 00:00:00+05:30,1215.55,1239.65,1211.95,1235.0,2382996
2023-06-01 00:00:00+05:30,1241.5,1243.0,1204.4,1207.75,1041761
2023-06-02 00:00:00+05:30,1211.8,1216.2,1199.25,1202.5,737046
2023-06-05 00:00:00+05:30,1208.0,1219.0,1205.0,1215.4,1599077
2023-06-06 00:00:00+05:30,1219.85,1225.0,1210.1,1223.0,793761
2023-06-07 00:00:00+05:30,1225.3,1248.0,1221.0,1245.8,1067618
2023-06-08 00:00:00+05:30,1247.7,1254.75,1234.05,1238.9,760962
2023-06-09 00:00:00+05:30,1227.6,1253.6,1227.5,1232.4,1904738
2023-06-12 00:00:00+05:30,1242.2,1256.3,1234.85,1238.9,1402903
2023-06-13 00:00:00+05:30,1238.0,1248.8,1238.0,1243.3,1253147
2023-06-14 00:00:00+05:30,1240.1,1254.95,1227.65,1242.3,713768
2023-06-15 00:00:00+05:30,1245.0,1250.6,1236.45,1241.1,738348
2023-06-16 00:00:00+05:30,1241.0,1291.95,1236.05,1281.35,2049003
2023-06-19 00:00:00+05:30,1281.35,1288.15,1275.0,1280.5,741782
2023-06-20 00:00:00+05:30,1281.85,1306.8,1280.5,1295.35,1474323
2023-06-21 00:00:00+05:30,1295.35,1306.3,1286.25,1294.95,855234
2023-06-22 00:00:00+05:30,1295.9,1306.0,1272.95,1276.5,556505
2023-06-23 00:00:00+05:30,1271.2,1274.9,1260.5,1262.7,1076729
2023-06-26 00:00:00+05:30,1266.95,1276.2,1263.2,1266.35,1009927
2023-06-27 00:00:00+05:30,1268.5,1290.0,1258.15,1286.4,1650539
2023-06-28 00:00:00+05:30,1290.0,1312.6,1285.0,1299.9,2245575
2023-06-30 00:00:00+05:30,1301.05,1315.45,1301.0,1306.9,972782
2023-07-03 00:00:00+05:30,1307.95,1312.0,1291.0,1297.95,599025
2023-07-04 00:00:00+05:30,1320.0,1320.05,1282.85,1289.25,866223
2023-07-05 00:00:00+05:30,1289.55,1316.7,1285.1,1291.55,960704
2023-07-06 00:00:00+05:30,1298.0,1311.75,1289.35,1292.95,726222
2023-07-07 00:00:00+05:30,1292.6,1318.0,1288.45,1294.0,939840
2023-07-10 00:00:00+05:30,1300.7,1302.0,1283.2,1293.3,675354
2023-07-11 00:00:00+05:30,1298.75,1308.75,1289.5,1295.0,821816
2023-07-12 00:00:00+05:30,1291.0,1306.6,1291.0,1300.6,905809
2023-07-13 00:00:00+05:30,1312.0,1336.0,1305.05,1313.95,1579954
2023-07-14 00:00:00+05:30,1320.5,1326.05,1311.35,1320.3,1321159
2023-07-17 00:00:00+05:30,1321.0,1328.55,1296.75,1314.5,1055414
2023-07-18 00:00:00+05:30,1315.0,1322.3,1305.65,1314.55,1427102
2023-07-19 00:00:00+05:30,1314.6,1321.55,1307.25,1310.45,659900
2023-07-20 00:00:00+05:30,1315.0,1321.6,1303.15,1314.05,898725
2023-07-21 00:00:00+05:30,1314.8,1322.75,1288.0,1290.7,524241
2023-07-24 00:00:00+05:30,1290.7,1324.4,1287.9,1317.15,1183272
2023-07-25 00:00:00+05:30,1318.0,1320.0,1290.1,1301.1,1362929
2023-07-26 00:00:00+05:30,1290.0,1299.95,1275.25,1292.65,2302730
2023-07-27 00:00:00+05:30,1295.0,1312.0,1292.75,1296.5,1946045
2023-07-28 00:00:00+05:30,1301.95,1301.95,1281.3,1289.75,1051700
2023-07-31 00:00:00+05:30,1296.95,1296.95,1270.0,1282.15,1061701
2023-08-01 00:00:00+05:30,1285.0,1285.0,1261.1,1279.95,1219778
2023-08-02 00:00:00+05:30,1280.0,1284.9,1252.45,1262.25,888107
2023-08-03 00:00:00+05:30,1259.95,1274.8,1251.65,1253.75,871719
2023-08-04 00:00:00+05:30,1258.95,1287.15,1254.0,1267.9,1609140
2023-08-07 00:00:00+05:30,1273.0,1305.7,1266.55,1302.55,1719680
2023-08-08 00:00:00+05:30,1306.9,1358.75,1293.75,1349.35,3458915
2023-08-09 00:00:00+05:30,1366.0,1374.0,1343.0,1349.35,1746764
2023-08-10 00:00:00+05:30,1344.95,1358.9,1330.1,1334.35,841571
2023-08-11 00:00:00+05:30,1340.0,1340.0,1304.9,1311.5,891342
2023-08-14 00:00:00+05:30,1314.0,1315.95,1291.95,1297.1,888959
2023-08-16 00:00:00+05:30,1295.0,1299.95,1281.0,1291.3,395774
2023-08-17 00:00:00+05:30,1286.5,1289.95,1276.25,1284.45,843146
2023-08-18 00:00:00+05:30,1278.55,1285.85,1266.0,1282.45,886254
2023-08-21 00:00:00+05:30,1282.95,1289.8,1274.3,1278.55,703317
2023-08-22 00:00:00+05:30,1284.35,1313.2,1278.75,1286.75,1405263
2023-08-23 00:00:00+05:30,1289.95,1304.5,1286.25,1300.25,583458
2023-08-24 00:00:00+05:30,1299.9,1311.65,1290.15,1293.75,618797
2023-08-25 00:00:00+05:30,1293.05,1298.55,1282.45,1296.4,487521
2023-08-28 00:00:00+05:30,1300.0,1307.0,1289.55,1291.55,764751
2023-08-29 00:00:00+05:30,1292.0,1301.65,1290.0,1297.2,1011094
2023-08-30 00:00:00+05:30,1301.95,1307.85,1293.3,1300.6,812860
2023-08-31 00:00:00+05:30,1304.85,1308.6,1286.5,1292.55,1390078
2023-09-01 00:00:00+05:30,1297.95,1327.1,1293.2,1320.55,761000
2023-09-04 00:00:00+05:30,1328.5,1332.45,1301.5,1328.35,542261
2023-09-05 00:00:00+05:30,1328.35,1338.95,1305.65,1309.45,1922115
2023-09-06 00:00:00+05:30,1310.0,1329.0,1305.45,1319.8,1461738
2023-09-07 00:00:00+05:30,1320.0,1351.3,1311.45,1347.5,1468196
2023-09-08 00:00:00+05:30,1348.0,1349.45,1334.35,1341.45,1214231
2023-09-11 00:00:00+05:30,1344.45,1356.85,1337.0,1350.15,844034
2023-09-12 00:00:00+05:30,1352.8,1352.8,1331.3,1346.5,1139357
2023-09-13 00:00:00+05:30,1350.0,1351.05,1328.25,1345.5,438029
2023-09-14 00:00:00+05:30,1345.5,1360.75,1342.25,1352.75,889229
2023-09-15 00:00:00+05:30,1355.3,1374.85,1352.0,1372.65,878944
2023-09-18 00:00:00+05:30,1375.0,1393.0,1367.55,1373.7,1324270
2023-09-20 00:00:00+05:30,1370.0,1376.8,1340.35,1345.2,574012
2023-09-21 00:00:00+05:30,1345.5,1351.9,1328.05,1334.2,783641
2023-09-22 00:00:00+05:30,1326.05,1337.6,1316.0,1318.85,1084861
2023-09-25 00:00:00+05:30,1318.8,1340.0,1289.1,1294.15,908011
2023-09-26 00:00:00+05:30,1295.5,1302.35,1285.2,1289.7,749346
2023-09-27 00:00:00+05:30,1283.3,1304.0,1277.95,1301.0,643756
2023-09-28 00:00:00+05:30,1301.0,1308.5,1284.5,1289.4,1026081
2023-09-29 00:00:00+05:30,1289.95,1312.0,1289.0,1305.4,1294800
2023-10-03 00:00:00+05:30,1302.15,1302.15,1282.65,1292.45,1282289
2023-10-04 00:00:00+05:30,1291.6,1297.7,1264.35,1270.55,1139615
2023-10-05 00:00:00+05:30,1271.0,1282.1,1264.95,1274.45,979561
2023-10-06 00:00:00+05:30,1276.0,1287.55,1272.0,1282.95,784191
2023-10-09 00:00:00+05:30,1278.1,1290.75,1272.0,1277.25,1345177
2023-10-10 00:00:00+05:30,1285.0,1312.6,1279.8,1302.05,1221002
2023-10-11 00:00:00+05:30,1310.0,1310.95,1291.15,1309.35,1374812
2023-10-12 00:00:00+05:30,1311.95,1317.4,1300.95,1313.65,726322
2023-10-13 00:00:00+05:30,1315.85,1329.65,1312.85,1316.45,916350
2023-10-16 00:00:00+05:30,1319.2,1332.2,1310.55,1322.2,578729
2023-10-17 00:00:00+05:30,1325.0,1351.1,1325.0,1348.35,1073063
2023-10-18 00:00:00+05:30,1344.05,1358.6,1339.0,1356.35,454861
2023-10-19 00:00:00+05:30,1349.0,1353.6,1338.6,1348.15,595436
2023-10-20 00:00:00+05:30,1340.0,1368.65,1336.5,1362.65,936229
2023-10-23 00:00:00+05:30,1359.95,1366.55,1329.05,1338.4,976136
2023-10-25 00:00:00+05:30,1323.05,1346.1,1308.65,1314.15,945901
2023-10-26 00:00:00+05:30,1315.8,1315.8,1290.75,1305.6,1107874
2023-10-27 00:00:00+05:30,1307.6,1320.7,1293.65,1302.9,654531
2023-10-30 00:00:00+05:30,1305.2,1330.7,1305.0,1326.2,1242401
2023-10-31 00:00:00+05:30,1325.0,1375.4,1319.5,1367.85,2287988
2023-11-01 00:00:00+05:30,1371.05,1377.95,1332.4,1336.05,968893
2023-11-02 00:00:00+05:30,1342.0,1357.75,1340.15,1343.5,637519
2023-11-03 00:00:00+05:30,1344.8,1349.95,1326.1,1329.35,690163
2023-11-06 00:00:00+05:30,1335.0,1340.7,1323.4,1331.85,377106
2023-11-07 00:00:00+05:30,1332.5,1344.05,1320.4,1340.85,1038346
2023-11-08 00:00:00+05:30,1342.15,1349.35,1334.7,1345.5,498283
2023-11-09 00:00:00+05:30,1345.1,1353.35,1335.45,1350.7,493454
2023-11-10 00:00:00+05:30,1351.8,1360.0,1341.0,1355.4,639801
2023-11-12 00:00:00+05:30,1364.5,1370.5,1353.1,1358.85,67960
2023-11-13 00:00:00+05:30,1351.5,1359.7,1325.0,1328.35,1332535
2023-11-15 00:00:00+05:30,1348.95,1359.0,1332.05,1357.1,742427
2023-11-16 00:00:00+05:30,1362.75,1365.1,1348.05,1359.95,577249
2023-11-17 00:00:00+05:30,1354.0,1434.45,1354.0,1413.95,3192944
2023-11-20 00:00:00+05:30,1413.95,1420.0,1383.0,1385.3,726211
2023-11-21 00:00:00+05:30,1389.0,1425.15,1387.1,1423.65,2049132
2023-11-22 00:00:00+05:30,1425.0,1438.55,1417.35,1430.1,865655
2023-11-23 00:00:00+05:30,1430.1,1434.4,1406.35,1410.95,549853
2023-11-24 00:00:00+05:30,1414.0,1418.95,1401.05,1409.7,387896
2023-11-28 00:00:00+05:30,1409.8,1417.3,1393.1,1412.45,1123470
2023-11-29 00:00:00+05:30,1415.45,1421.8,1406.0,1407.85,887709
2023-11-30 00:00:00+05:30,1410.0,1444.2,1409.05,1435.25,3027395
2023-12-01 00:00:00+05:30,1438.05,1445.0,1420.1,1423.65,808841
2023-12-04 00:00:00+05:30,1439.9,1458.7,1415.0,1454.0,2078827
2023-12-05 00:00:00+05:30,1454.0,1472.1,1443.0,1460.95,1932719
2023-12-06 00:00:00+05:30,1462.0,1462.95,1445.15,1450.7,724418
2023-12-07 00:00:00+05:30,1456.85,1483.45,1450.1,1455.75,1244939
2023-12-08 00:00:00+05:30,1455.0,1469.55,1451.55,1465.2,1654799
2023-12-11 00:00:00+05:30,1465.2,1468.3,1455.0,1460.6,731571
2023-12-12 00:00:00+05:30,1464.5,1491.9,1459.95,1481.45,1763549
2023-12-13 00:00:00+05:30,1483.15,1483.15,1460.0,1466.8,2279728
2023-12-14 00:00:00+05:30,1473.0,1477.6,1454.95,1469.85,2953215
2023-12-15 00:00:00+05:30,1474.0,1485.0,1448.6,1452.5,1482700
2023-12-18 00:00:00+05:30,1452.5,1461.4,1441.65,1446.95,1580916
2023-12-19 00:00:00+05:30,1444.95,1448.0,1419.05,1424.55,1282514
2023-12-20 00:00:00+05:30,1437.0,1437.0,1404.05,1409.25,1151553
2023-12-21 00:00:00+05:30,1401.5,1410.3,1379.95,1403.75,1841616
2023-12-22 00:00:00+05:30,1414.0,1417.7,1387.05,1394.3,1111420
2023-12-26 00:00:00+05:30,1400.0,1409.15,1387.65,1395.3,875367
2023-12-27 00:00:00+05:30,1405.0,1424.0,1399.1,1421.35,718369
2023-12-28 00:00:00+05:30,1428.5,1444.95,1419.2,1435.3,1446654
2023-12-29 00:00:00+05:30,1433.0,1435.25,1421.05,1432.6,383858
2024-01-01 00:00:00+05:30,1435.85,1437.6,1425.95,1432.1,158288
2024-01-02 00:00:00+05:30,1437.0,1449.7,1421.75,1437.65,691712
2024-01-03 00:00:00+05:30,1430.0,1440.9,1415.6,1422.7,550221
2024-01-04 00:00:00+05:30,1420.8,1436.6,1415.0,1431.6,938454
2024-01-05 00:00:00+05:30,1435.9,1468.0,1433.7,1454.15,1258280
2024-01-08 00:00:00+05:30,1454.15,1460.1,1416.4,1421.05,738502
2024-01-09 00:00:00+05:30,1429.0,1468.25,1421.0,1449.35,1871763
2024-01-10 00:00:00+05:30,1454.95,1495.35,1448.0,1451.45,2547856
2024-01-11 00:00:00+05:30,1450.05,1463.3,1425.9,1427.8,908421
2024-01-12 00:00:00+05:30,1434.8,1440.9,1418.5,1435.3,557158
2024-01-15 00:00:00+05:30,1442.0,1444.55,1424.55,1430.05,902104
2024-01-16 00:00:00+05:30,1425.05,1431.9,1405.55,1408.8,1729041
2024-01-17 00:00:00+05:30,1397.0,1444.95,1386.55,1421.15,2628568
2024-01-18 00:00:00+05:30,1416.9,1438.0,1384.2,1404.9,2296538
2024-01-19 00:00:00+05:30,1405.9,1445.0,1405.4,1440.6,570639
2024-01-20 00:00:00+05:30,1448.9,1454.35,1431.6,1442.2,463302
2024-01-23 00:00:00+05:30,1444.0,1448.65,1367.35,1375.5,2880301
2024-01-24 00:00:00+05:30,1380.4,1413.9,1368.55,1410.55,1255876
2024-01-25 00:00:00+05:30,1414.9,1414.9,1357.15,1380.9,3230297
2024-01-29 00:00:00+05:30,1388.0,1424.6,1388.0,1418.4,1607583
2024-01-30 00:00:00+05:30,1425.0,1433.7,1392.85,1399.0,1464906
2024-01-31 00:00:00+05:30,1400.0,1406.5,1381.7,1401.15,1343827
2024-02-01 00:00:00+05:30,1407.3,1459.7,1398.5,1432.75,1803699
2024-02-02 00:00:00+05:30,1440.8,1456.0,1420.05,1435.45,1817169
2024-02-05 00:00:00+05:30,1435.0,1460.0,1414.9,1419.85,1010779
2024-02-06 00:00:00+05:30,1422.6,1469.95,1404.9,1464.0,1515381
2024-02-07 00:00:00+05:30,1472.6,1493.0,1453.65,1469.45,690402
2024-02-08 00:00:00+05:30,1481.9,1492.1,1455.15,1459.05,1679065
2024-02-09 00:00:00+05:30,1468.0,1468.0,1436.5,1439.7,596482
2024-02-12 00:00:00+05:30,1442.45,1452.0,1423.25,1436.0,515507
2024-02-13 00:00:00+05:30,1436.0,1475.85,1428.2,1467.6,1388464
2024-02-14 00:00:00+05:30,1460.0,1464.0,1439.05,1453.7,504590
2024-02-15 00:00:00+05:30,1464.0,1464.35,1443.65,1453.35,736364
2024-02-16 00:00:00+05:30,1456.4,1516.2,1451.6,1508.45,2008339
2024-02-19 00:00:00+05:30,1517.1,1522.0,1486.0,1488.85,1163429
2024-02-20 00:00:00+05:30,1488.85,1517.65,1473.35,1513.55,1569035
2024-02-21 00:00:00+05:30,1510.05,1519.5,1495.4,1501.7,1156081
2024-02-22 00:00:00+05:30,1510.0,1513.5,1470.2,1509.65,1355358
2024-02-23 00:00:00+05:30,1508.4,1536.25,1501.25,1529.15,1115653
2024-02-26 00:00:00+05:30,1531.15,1553.4,1525.1,1549.15,1283074
2024-02-27 00:00:00+05:30,1553.8,1569.0,1538.9,1542.7,1764621
2024-02-28 00:00:00+05:30,1544.0,1556.75,1536.4,1540.2,834214
2024-02-29 00:00:00+05:30,1540.2,1567.1,1525.4,1552.55,1672455
2024-03-01 00:00:00+05:30,1564.9,1569.35,1536.05,1542.15,1088145
2024-03-02 00:00:00+05:30,1553.05,1569.4,1535.2,1546.8,50098
2024-03-04 00:00:00+05:30,1553.85,1554.0,1508.25,1517.95,2126926
2024-03-05 00:00:00+05:30,1525.0,1525.0,1487.95,1491.25,1476872
2024-03-06 00:00:00+05:30,1492.25,1523.9,1487.0,1520.4,1568041
2024-03-07 00:00:00+05:30,1520.0,1521.3,1489.0,1510.4,2468543
2024-03-11 00:00:00+05:30,1526.95,1539.8,1513.6,1532.1,1824218
2024-03-12 00:00:00+05:30,1533.0,1551.75,1509.05,1516.4,1608593
2024-03-13 00:00:00+05:30,1524.0,1532.6,1480.65,1487.35,1461171
2024-03-14 00:00:00+05:30,1482.2,1514.55,1465.3,1505.85,1094035
2024-03-15 00:00:00+05:30,1482.0,1504.95,1481.1,1500.0,1466897
2024-03-18 00:00:00+05:30,1493.0,1503.45,1478.3,1489.7,641326
2024-03-19 00:00:00+05:30,1480.0,1488.95,1456.3,1461.35,1010444
2024-03-20 00:00:00+05:30,1460.0,1469.45,1450.0,1458.4,477278
2024-03-21 00:00:00+05:30,1472.9,1477.0,1458.0,1468.05,958834
2024-03-22 00:00:00+05:30,1474.0,1511.0,1458.1,1501.1,563028
2024-03-26 00:00:00+05:30,1458.5,1509.45,1457.8,1486.4,1349881
2024-03-27 00:00:00+05:30,1490.0,1499.0,1473.5,1479.55,795193
2024-03-28 00:00:00+05:30,1480.0,1521.85,1480.0,1500.25,1704887
2024-04-01 00:00:00+05:30,1498.0,1519.1,1486.75,1489.95,838186
2024-04-02 00:00:00+05:30,1495.0,1496.6,1465.3,1470.6,941688
2024-04-03 00:00:00+05:30,1470.0,1472.95,1456.05,1460.8,1862464
2024-04-04 00:00:00+05:30,1467.5,1475.05,1447.0,1463.75,1905528
2024-04-05 00:00:00+05:30,1469.0,1489.9,1460.15,1485.3,836975
2024-04-08 00:00:00+05:30,1488.7,1528.0,1487.0,1518.8,822205
2024-04-09 00:00:00+05:30,1525.1,1527.4,1503.05,1510.55,718575
2024-04-10 00:00:00+05:30,1515.0,1516.7,1481.0,1503.35,1056524
2024-04-12 00:00:00+05:30,1501.0,1511.4,1488.2,1493.15,787733
2024-04-15 00:00:00+05:30,1489.85,1489.9,1462.5,1466.9,994053
2024-04-16 00:00:00+05:30,1460.2,1476.9,1452.0,1462.75,717750
2024-04-18 00:00:00+05:30,1465.0,1483.65,1448.0,1456.95,1746383
2024-04-19 00:00:00+05:30,1450.0,1457.55,1425.35,1447.55,1129149
2024-04-22 00:00:00+05:30,1456.5,1482.9,1452.0,1475.4,772048
2024-04-23 00:00:00+05:30,1478.0,1489.2,1464.25,1469.85,1042729
2024-04-24 00:00:00+05:30,1469.85,1478.0,1452.55,1460.05,898680
2024-04-25 00:00:00+05:30,1464.0,1464.0,1436.15,1444.45,2406788
2024-04-26 00:00:00+05:30,1455.0,1466.85,1411.2,1415.25,2180945
2024-04-29 00:00:00+05:30,1437.0,1460.9,1414.05,1422.35,4381119
2024-04-30 00:00:00+05:30,1432.0,1449.85,1423.2,1436.55,2402464
2024-05-02 00:00:00+05:30,1416.35,1464.75,1416.35,1460.9,2194261
2024-05-03 00:00:00+05:30,1469.0,1472.7,1438.4,1443.25,1355425
2024-05-06 00:00:00+05:30,1450.0,1457.45,1431.6,1440.6,920880
2024-05-07 00:00:00+05:30,1440.9,1458.9,1431.55,1450.15,1800920
2024-05-08 00:00:00+05:30,1440.0,1465.95,1423.0,1426.75,1297162
2024-05-09 00:00:00+05:30,1431.9,1439.5,1413.2,1422.4,1645954
2024-05-10 00:00:00+05:30,1425.0,1438.5,1415.75,1431.95,741292
2024-05-13 00:00:00+05:30,1435.0,1440.0,1420.55,1425.1,771284
2024-05-14 00:00:00+05:30,1427.2,1436.75,1422.05,1432.85,896653
2024-05-15 00:00:00+05:30,1440.0,1443.85,1425.75,1430.1,254646
2024-05-16 00:00:00+05:30,1431.55,1458.2,1420.15,1452.2,1176239
2024-05-17 00:00:00+05:30,1450.0,1450.0,1430.5,1434.2,2433315
2024-05-18 00:00:00+05:30,1434.0,1444.1,1430.5,1439.85,29747
2024-05-21 00:00:00+05:30,1438.85,1440.7,1422.5,1429.65,1300334
2024-05-22 00:00:00+05:30,1434.25,1435.55,1424.0,1427.4,966583
2024-05-23 00:00:00+05:30,1434.0,1452.95,1424.05,1446.8,1206423
2024-05-24 00:00:00+05:30,1442.5,1448.45,1433.45,1436.25,487961
2024-05-27 00:00:00+05:30,1435.0,1448.0,1402.15,1410.2,1675749
2024-05-28 00:00:00+05:30,1415.0,1455.0,1405.9,1450.75,1600105
2024-05-29 00:00:00+05:30,1448.0,1449.45,1406.6,1412.8,1518325
2024-05-30 00:00:00+05:30,1418.8,1418.8,1371.0,1380.05,2097166
2024-05-31 00:00:00+05:30,1393.8,1401.15,1372.6,1386.4,2559060
2024-06-03 00:00:00+05:30,1435.3,1436.4,1387.35,1391.5,870693
2024-06-04 00:00:00+05:30,1398.15,1402.7,1307.7,1338.85,3277433
2024-06-05 00:00:00+05:30,1341.0,1396.2,1330.7,1390.1,1238176
2024-06-06 00:00:00+05:30,1390.1,1445.8,1380.25,1442.85,2227021
2024-06-07 00:00:00+05:30,1435.1,1440.0,1420.0,1425.85,1279929
2024-06-10 00:00:00+05:30,1436.85,1452.0,1418.35,1432.3,2059288
2024-06-11 00:00:00+05:30,1432.45,1439.8,1422.0,1428.05,991450
2024-06-12 00:00:00+05:30,1428.1,1461.8,1425.8,1452.7,1823958
2024-06-13 00:00:00+05:30,1459.65,1479.45,1432.85,1449.9,3086173
2024-06-14 00:00:00+05:30,1444.9,1473.75,1440.6,1469.9,856835
2024-06-18 00:00:00+05:30,1480.0,1480.0,1455.05,1473.55,1427035
2024-06-19 00:00:00+05:30,1478.35,1478.4,1446.15,1449.2,578983
2024-06-20 00:00:00+05:30,1476.0,1480.9,1451.45,1455.5,1444553
2024-06-21 00:00:00+05:30,1455.5,1478.55,1445.15,1464.15,1184387
2024-06-24 00:00:00+05:30,1464.15,1464.15,1447.2,1452.75,460942
2024-06-25 00:00:00+05:30,1457.4,1467.5,1430.0,1462.0,1845922
2024-06-26 00:00:00+05:30,1462.0,1475.65,1447.0,1450.9,780636
2024-06-27 00:00:00+05:30,1445.0,1473.65,1437.55,1463.45,1492222
2024-06-28 00:00:00+05:30,1450.1,1498.8,1450.0,1491.95,1533271
2024-07-01 00:00:00+05:30,1491.95,1511.9,1481.9,1501.85,788569
2024-07-02 00:00:00+05:30,1507.0,1510.35,1468.1,1494.9,1462260
2024-07-03 00:00:00+05:30,1503.0,1506.95,1486.2,1496.35,527776
2024-07-04 00:00:00+05:30,1496.4,1518.85,1492.25,1507.75,1363288
2024-07-05 00:00:00+05:30,1507.75,1531.95,1505.45,1529.4,961676
2024-07-08 00:00:00+05:30,1529.4,1531.95,1508.25,1514.95,774723
2024-07-09 00:00:00+05:30,1525.0,1529.0,1512.4,1524.75,726889
2024-07-10 00:00:00+05:30,1524.75,1562.5,1518.6,1558.8,1964480
2024-07-11 00:00:00+05:30,1562.0,1569.65,1546.15,1558.8,1156236
2024-07-12 00:00:00+05:30,1562.9,1570.0,1547.35,1562.85,589534
2024-07-15 00:00:00+05:30,1562.85,1620.9,1557.9,1613.45,2498480
2024-07-16 00:00:00+05:30,1613.4,1639.6,1592.2,1621.35,1844059
2024-07-18 00:00:00+05:30,1620.0,1664.95,1615.05,1659.8,2104021
2024-07-19 00:00:00+05:30,1632.0,1658.55,1632.0,1647.7,567209
2024-07-22 00:00:00+05:30,1641.1,1647.7,1618.65,1621.15,397490
2024-07-23 00:00:00+05:30,1621.15,1638.0,1578.05,1594.85,2145861
2024-07-24 00:00:00+05:30,1580.0,1650.0,1579.65,1632.95,2099093
2024-07-25 00:00:00+05:30,1645.0,1701.35,1645.0,1695.4,4427012
2024-07-26 00:00:00+05:30,1686.25,1777.7,1686.25,1750.95,2982227
2024-07-29 00:00:00+05:30,1752.5,1763.55,1736.5,1746.7,1368641
2024-07-30 00:00:00+05:30,1740.5,1746.3,1708.0,1721.05,2096978
2024-07-31 00:00:00+05:30,1721.05,1760.0,1720.0,1753.65,1082466
2024-08-01 00:00:00+05:30,1791.1,1791.15,1758.1,1767.25,1247361
2024-08-02 00:00:00+05:30,1760.0,1768.9,1731.0,1744.9,594517
2024-08-05 00:00:00+05:30,1680.0,1739.35,1679.95,1722.2,1240111
2024-08-06 00:00:00+05:30,1722.2,1780.0,1670.1,1674.5,1500825
2024-08-07 00:00:00+05:30,1690.05,1698.9,1677.1,1685.7,603417
2024-08-08 00:00:00+05:30,1671.1,1715.15,1670.05,1706.3,1291138
2024-08-09 00:00:00+05:30,1720.0,1733.4,1708.0,1725.1,804893
2024-08-12 00:00:00+05:30,1722.9,1730.0,1692.05,1705.0,1019251
2024-08-13 00:00:00+05:30,1705.0,1721.3,1672.05,1682.4,1064268
2024-08-14 00:00:00+05:30,1696.2,1707.35,1673.0,1692.1,557473
2024-08-16 00:00:00+05:30,1699.0,1702.1,1666.15,1688.9,721574
2024-08-19 00:00:00+05:30,1696.8,1696.8,1666.0,1671.55,632647
2024-08-20 00:00:00+05:30,1672.8,1770.8,1672.75,1761.3,3951662
2024-08-21 00:00:00+05:30,1761.3,1804.45,1750.9,1800.6,2972530
2024-08-22 00:00:00+05:30,1801.0,1812.4,1789.85,1795.25,1380510
2024-08-23 00:00:00+05:30,1789.5,1798.4,1782.0,1789.3,858249
2024-08-26 00:00:00+05:30,1791.0,1801.45,1769.35,1796.25,593628
2024-08-27 00:00:00+05:30,1788.4,1848.6,1784.1,1838.95,2239371
2024-08-28 00:00:00+05:30,1838.75,1854.25,1826.0,1843.7,724092
2024-08-29 00:00:00+05:30,1840.0,1867.75,1835.5,1843.7,2248185
2024-08-30 00:00:00+05:30,1839.95,1869.8,1837.0,1850.3,2125138
2024-09-02 00:00:00+05:30,1850.3,1894.65,1849.05,1888.75,2522132
2024-09-03 00:00:00+05:30,1890.0,1936.0,1881.75,1928.65,3457882
2024-09-04 00:00:00+05:30,1910.0,1920.0,1902.35,1912.2,952279
2024-09-05 00:00:00+05:30,1919.0,1919.0,1900.2,1907.85,947097
2024-09-06 00:00:00+05:30,1898.1,1916.85,1889.45,1896.3,772396
2024-09-09 00:00:00+05:30,1900.85,1932.85,1894.5,1901.75,1845859
2024-09-10 00:00:00+05:30,1890.0,1890.0,1838.75,1853.45,2515665
2024-09-11 00:00:00+05:30,1845.1,1871.05,1844.55,1859.15,630094
2024-09-12 00:00:00+05:30,1863.0,1880.0,1840.6,1875.95,1126825
2024-09-13 00:00:00+05:30,1869.0,1871.75,1841.75,1846.5,886112
2024-09-16 00:00:00+05:30,1851.0,1864.8,1816.1,1821.25,1576652
2024-09-17 00:00:00+05:30,1823.5,1844.3,1808.45,1819.15,844866
2024-09-18 00:00:00+05:30,1818.2,1848.95,1815.05,1842.45,518691
2024-09-19 00:00:00+05:30,1850.0,1860.0,1828.2,1840.95,776068
2024-09-20 00:00:00+05:30,1850.0,1885.0,1845.0,1870.25,1512372
2024-09-23 00:00:00+05:30,1882.0,1925.0,1880.0,1920.15,1022492
2024-09-24 00:00:00+05:30,1927.1,1927.95,1854.6,1864.35,2608386
2024-09-25 00:00:00+05:30,1873.7,1875.0,1841.05,1863.6,1395256
2024-09-26 00:00:00+05:30,1873.0,1902.05,1868.5,1898.3,1396821
2024-09-27 00:00:00+05:30,1898.3,1913.0,1873.9,1882.65,1678089
2024-09-30 00:00:00+05:30,1892.0,1893.6,1838.25,1844.0,1473366
2024-10-01 00:00:00+05:30,1840.2,1859.3,1824.3,1834.2,885515
2024-10-03 00:00:00+05:30,1807.0,1845.2,1795.05,1805.55,1307453
2024-10-04 00:00:00+05:30,1805.55,1850.0,1782.55,1798.1,1554623
2024-10-07 00:00:00+05:30,1800.0,1819.85,1776.0,1787.95,692912
2024-10-08 00:00:00+05:30,1785.0,1799.05,1723.55,1728.05,2888148
2024-10-09 00:00:00+05:30,1748.05,1759.0,1733.05,1737.4,704112
2024-10-10 00:00:00+05:30,1745.15,1754.45,1729.55,1734.5,784503
2024-10-11 00:00:00+05:30,1737.5,1746.75,1718.6,1735.05,805944
2024-10-14 00:00:00+05:30,1738.75,1743.85,1717.3,1738.3,1349793
2024-10-15 00:00:00+05:30,1741.95,1754.95,1718.5,1723.75,2159705
2024-10-16 00:00:00+05:30,1725.05,1749.0,1724.0,1733.75,891554
2024-10-17 00:00:00+05:30,1734.0,1739.0,1695.75,1702.0,2442434
2024-10-18 00:00:00+05:30,1706.0,1717.45,1680.6,1706.05,2045293
2024-10-21 00:00:00+05:30,1715.15,1776.05,1696.8,1711.85,1574574
2024-10-22 00:00:00+05:30,1701.0,1726.95,1672.9,1698.15,1290296
2024-10-23 00:00:00+05:30,1703.2,1728.9,1692.25,1716.0,952362
2024-10-24 00:00:00+05:30,1724.45,1724.45,1623.0,1635.3,4320374
2024-10-25 00:00:00+05:30,1644.85,1653.3,1603.95,1616.75,1639581
2024-10-28 00:00:00+05:30,1617.0,1620.0,1593.6,1605.9,2366566
2024-10-29 00:00:00+05:30,1606.0,1665.8,1595.9,1661.35,2052244
2024-10-30 00:00:00+05:30,1636.5,1649.35,1619.3,1624.15,1512352
2024-10-31 00:00:00+05:30,1630.1,1641.95,1613.05,1622.15,809110
2024-11-01 00:00:00+05:30,1639.4,1639.4,1623.0,1628.85,53886
2024-11-04 00:00:00+05:30,1637.0,1641.15,1588.0,1608.8,1470020
2024-11-05 00:00:00+05:30,1606.8,1642.0,1598.65,1633.2,978590
2024-11-06 00:00:00+05:30,1633.2,1638.65,1600.45,1603.95,1352644
2024-11-07 00:00:00+05:30,1605.05,1617.95,1575.0,1589.85,1359619
2024-11-08 00:00:00+05:30,1589.0,1603.35,1566.85,1569.95,1131938
2024-11-11 00:00:00+05:30,1578.6,1578.6,1555.25,1566.0,862991
2024-11-12 00:00:00+05:30,1569.1,1585.95,1557.0,1562.45,1177157
2024-11-13 00:00:00+05:30,1560.0,1572.0,1540.0,1546.7,2946117
2024-11-14 00:00:00+05:30,1546.2,1568.95,1546.05,1562.3,684365
2024-11-18 00:00:00+05:30,1551.0,1566.55,1551.0,1562.6,490930
2024-11-19 00:00:00+05:30,1568.0,1568.05,1501.0,1522.9,4198931
2024-11-21 00:00:00+05:30,1513.3,1515.5,1474.0,1477.95,1827614
2024-11-22 00:00:00+05:30,1485.35,1496.45,1475.0,1485.15,977581
2024-11-25 00:00:00+05:30,1492.6,1511.0,1488.35,1495.2,1785465
2024-11-26 00:00:00+05:30,1495.2,1516.9,1489.25,1506.75,601372
2024-11-27 00:00:00+05:30,1507.0,1515.95,1495.1,1505.4,467560
2024-11-28 00:00:00+05:30,1507.15,1519.7,1403.0,1428.6,5574277
2024-11-29 00:00:00+05:30,1442.0,1460.0,1396.65,1437.75,9016112
2024-12-02 00:00:00+05:30,1428.4,1449.8,1411.15,1422.05,3117960
2024-12-03 00:00:00+05:30,1430.1,1448.35,1416.95,1440.95,4645704
2024-12-04 00:00:00+05:30,1441.0,1472.35,1435.05,1452.6,1976987
2024-12-05 00:00:00+05:30,1452.6,1456.05,1417.55,1431.85,2632452
2024-12-06 00:00:00+05:30,1435.0,1452.95,1429.3,1448.55,1359753
2024-12-09 00:00:00+05:30,1454.0,1484.4,1449.05,1469.3,2397565
2024-12-10 00:00:00+05:30,1463.7,1483.9,1451.6,1461.85,1994725
2024-12-11 00:00:00+05:30,1455.5,1473.5,1454.45,1456.15,1213092
2024-12-12 00:00:00+05:30,1450.0,1455.75,1420.35,1432.5,2851447
2024-12-13 00:00:00+05:30,1422.05,1441.95,1409.3,1428.8,3926561
2024-12-16 00:00:00+05:30,1428.8,1436.95,1415.65,1421.65,1601339
2024-12-17 00:00:00+05:30,1421.7,1425.0,1405.6,1409.7,1973758
2024-12-18 00:00:00+05:30,1414.8,1420.35,1392.7,1398.0,1454595
2024-12-19 00:00:00+05:30,1380.05,1409.0,1377.5,1405.9,1081337
2024-12-20 00:00:00+05:30,1402.45,1414.8,1391.1,1400.6,1542712
2024-12-23 00:00:00+05:30,1400.6,1408.15,1381.5,1405.3,1325302
2024-12-24 00:00:00+05:30,1406.95,1418.0,1385.0,1387.0,756679
2024-12-26 00:00:00+05:30,1393.95,1411.8,1385.2,1409.05,1935656
2024-12-27 00:00:00+05:30,1410.0,1420.4,1400.8,1405.3,665711
2024-12-30 00:00:00+05:30,1391.25,1414.95,1389.0,1403.85,1439560
2024-12-31 00:00:00+05:30,1399.75,1399.75,1382.45,1390.4,2096160
2025-01-01 00:00:00+05:30,1392.2,1404.7,1384.95,1400.4,511676
2025-01-02 00:00:00+05:30,1404.0,1425.5,1398.05,1422.25,1083889
2025-01-03 00:00:00+05:30,1428.25,1451.0,1424.9,1447.7,1107442
2025-01-06 00:00:00+05:30,1450.0,1462.65,1425.2,1434.65,1012018
2025-01-07 00:00:00+05:30,1447.0,1490.8,1434.35,1477.75,2362510
2025-01-08 00:00:00+05:30,1478.7,1484.65,1455.0,1463.15,1229808
2025-01-09 00:00:00+05:30,1457.8,1481.2,1453.0,1468.45,1253461
2025-01-10 00:00:00+05:30,1469.9,1488.0,1458.65,1478.3,1124758
2025-01-13 00:00:00+05:30,1478.3,1478.3,1445.65,1467.4,1444590
2025-01-14 00:00:00+05:30,1475.0,1504.0,1468.85,1499.25,2024378
2025-01-15 00:00:00+05:30,1504.5,1504.85,1469.35,1472.75,1433596
2025-01-16 00:00:00+05:30,1486.0,1545.0,1486.0,1513.6,2929496
2025-01-17 00:00:00+05:30,1519.5,1555.0,1500.0,1540.5,2603818
2025-01-20 00:00:00+05:30,1547.8,1547.8,1487.3,1499.7,4033718
2025-01-21 00:00:00+05:30,1499.7,1505.95,1460.0,1466.55,877160
2025-01-22 00:00:00+05:30,1466.1,1470.75,1450.05,1460.05,631080
2025-01-23 00:00:00+05:30,1458.05,1463.7,1447.15,1449.85,1301601
2025-01-24 00:00:00+05:30,1451.3,1455.6,1418.15,1440.4,1504123
2025-01-27 00:00:00+05:30,1435.0,1445.95,1416.0,1424.4,896819
2025-01-28 00:00:00+05:30,1420.0,1435.7,1411.85,1419.5,1527262
2025-01-29 00:00:00+05:30,1419.5,1470.1,1410.5,1460.9,1021447
2025-01-30 00:00:00+05:30,1465.9,1480.0,1453.9,1472.9,1016159
2025-01-31 00:00:00+05:30,1479.7,1490.0,1467.0,1483.6,892312
2025-02-01 00:00:00+05:30,1475.6,1528.0,1372.55,1454.35,4329907
2025-02-03 00:00:00+05:30,1434.35,1481.9,1434.35,1459.95,1127198
2025-02-04 00:00:00+05:30,1461.25,1478.7,1454.05,1472.4,614905
2025-02-05 00:00:00+05:30,1472.4,1484.3,1465.0,1469.15,791375
2025-02-06 00:00:00+05:30,1470.0,1480.4,1456.45,1465.1,1510856
2025-02-07 00:00:00+05:30,1472.45,1475.95,1454.25,1470.95,562410
2025-02-10 00:00:00+05:30,1462.9,1474.55,1445.0,1448.2,530759
2025-02-11 00:00:00+05:30,1448.2,1450.0,1402.9,1419.0,1448104
2025-02-12 00:00:00+05:30,1427.45,1466.95,1407.5,1452.15,1590502
2025-02-13 00:00:00+05:30,1452.15,1479.4,1446.0,1470.5,983142
2025-02-14 00:00:00+05:30,1470.5,1477.15,1450.0,1465.45,625676
2025-02-17 00:00:00+05:30,1460.5,1481.55,1451.85,1476.2,717439
2025-02-18 00:00:00+05:30,1476.25,1481.0,1454.4,1475.35,679042
2025-02-19 00:00:00+05:30,1475.0,1482.2,1465.05,1475.6,391966
2025-02-20 00:00:00+05:30,1473.0,1489.65,1466.0,1469.8,346720
2025-02-21 00:00:00+05:30,1469.7,1501.4,1461.7,1495.4,1051158
2025-02-24 00:00:00+05:30,1480.0,1495.2,1475.2,1486.5,1116079
2025-02-25 00:00:00+05:30,1480.0,1484.05,1463.45,1471.75,964505
2025-02-27 00:00:00+05:30,1464.0,1479.9,1454.0,1469.75,1421562
2025-02-28 00:00:00+05:30,1460.0,1462.05,1411.85,1430.5,2397364
2025-03-03 00:00:00+05:30,1432.55,1452.15,1405.1,1408.5,1056418
2025-03-04 00:00:00+05:30,1392.2,1415.0,1390.0,1393.1,977231
2025-03-05 00:00:00+05:30,1391.15,1424.0,1379.85,1420.7,1118219
2025-03-06 00:00:00+05:30,1417.1,1426.4,1395.0,1421.3,1606815
2025-03-07 00:00:00+05:30,1421.35,1446.2,1406.55,1411.6,901496
2025-03-10 00:00:00+05:30,1419.0,1427.75,1404.35,1419.45,1092967
2025-03-11 00:00:00+05:30,1403.0,1424.4,1397.45,1417.25,691907
2025-03-12 00:00:00+05:30,1425.0,1425.0,1404.5,1409.0,734156
2025-03-13 00:00:00+05:30,1411.7,1413.95,1382.65,1385.55,911321
2025-03-17 00:00:00+05:30,1392.0,1441.3,1392.0,1434.25,1352197
2025-03-18 00:00:00+05:30,1452.7,1458.8,1431.05,1457.5,656130
2025-03-19 00:00:00+05:30,1457.95,1488.9,1455.0,1484.9,917293
2025-03-20 00:00:00+05:30,1492.0,1506.3,1488.5,1498.35,798992
2025-03-21 00:00:00+05:30,1500.0,1553.3,1493.45,1546.4,1977397
2025-03-24 00:00:00+05:30,1550.0,1584.0,1541.7,1569.8,1229003
2025-03-25 00:00:00+05:30,1577.65,1583.9,1551.3,1557.2,1241287
2025-03-26 00:00:00+05:30,1564.3,1570.3,1533.45,1541.3,1106876
2025-03-27 00:00:00+05:30,1541.4,1552.1,1529.65,1544.9,1405775
2025-03-28 00:00:00+05:30,1544.9,1564.5,1534.75,1547.85,1120169
2025-04-01 00:00:00+05:30,1537.75,1566.4,1535.35,1545.25,937836
2025-04-02 00:00:00+05:30,1543.0,1563.15,1542.3,1559.85,1876774
2025-04-03 00:00:00+05:30,1546.0,1558.9,1540.0,1542.25,373548
2025-04-04 00:00:00+05:30,1536.35,1546.9,1501.1,1512.6,826558
2025-04-07 00:00:00+05:30,1450.0,1485.5,1430.55,1460.8,916977
2025-04-08 00:00:00+05:30,1490.0,1498.05,1458.05,1488.0,2142568
2025-04-09 00:00:00+05:30,1488.0,1499.9,1475.0,1481.65,1047950
2025-04-11 00:00:00+05:30,1539.0,1539.0,1500.05,1521.9,1134200
2025-04-15 00:00:00+05:30,1555.5,1574.1,1525.0,1562.6,1363406
2025-04-16 00:00:00+05:30,1548.5,1576.8,1548.5,1565.4,784495
2025-04-17 00:00:00+05:30,1558.0,1615.0,1549.4,1608.2,1500299
2025-04-21 00:00:00+05:30,1618.0,1630.7,1595.3,1628.5,1016066
2025-04-22 00:00:00+05:30,1627.8,1639.9,1612.8,1619.0,1102055
2025-04-23 00:00:00+05:30,1625.0,1625.0,1601.0,1615.5,1136215
2025-04-24 00:00:00+05:30,1612.9,1636.6,1603.0,1608.2,857476
2025-04-25 00:00:00+05:30,1723.5,1762.0,1651.1,1695.1,10321746
2025-04-28 00:00:00+05:30,1690.0,1755.0,1681.4,1736.1,2100813
2025-04-29 00:00:00+05:30,1733.9,1764.9,1721.0,1730.1,2049847
2025-04-30 00:00:00+05:30,1722.0,1772.5,1718.5,1765.8,2031563
2025-05-02 00:00:00+05:30,1761.0,1777.1,1747.6,1764.7,1418603
2025-05-05 00:00:00+05:30,1773.0,1787.6,1766.9,1769.9,947983
2025-05-06 00:00:00+05:30,1770.0,1797.8,1717.2,1726.0,1295777
2025-05-07 00:00:00+05:30,1714.0,1756.5,1712.3,1744.5,753313
2025-05-08 00:00:00+05:30,1741.3,1744.0,1721.1,1731.5,1107891
2025-05-09 00:00:00+05:30,1706.0,1728.7,1693.1,1699.8,1076900
2025-05-12 00:00:00+05:30,1725.0,1756.9,1720.0,1751.5,728808
2025-05-13 00:00:00+05:30,1742.7,1756.0,1732.3,1740.0,478541
2025-05-14 00:00:00+05:30,1741.0,1760.0,1737.4,1755.2,603108
2025-05-15 00:00:00+05:30,1757.7,1788.4,1737.1,1784.6,1318425
2025-05-16 00:00:00+05:30,1790.0,1790.9,1767.9,1773.4,696146
2025-05-19 00:00:00+05:30,1773.1,1781.2,1764.4,1770.0,288530
2025-05-20 00:00:00+05:30,1778.8,1778.8,1753.3,1757.8,529693
2025-05-21 00:00:00+05:30,1756.9,1777.9,1751.2,1763.9,521050
2025-05-22 00:00:00+05:30,1766.3,1768.7,1741.2,1759.3,1103303
2025-05-23 00:00:00+05:30,1765.0,1806.0,1759.8,1798.7,1067774
2025-05-26 00:00:00+05:30,1806.0,1810.1,1790.1,1801.6,633624
2025-05-27 00:00:00+05:30,1801.6,1809.6,1794.0,1803.3,1219984
2025-05-28 00:00:00+05:30,1810.6,1814.5,1802.1,1807.4,763018
2025-05-29 00:00:00+05:30,1807.6,1830.0,1801.4,1825.0,1189803
2025-05-30 00:00:00+05:30,1825.0,1833.9,1804.9,1812.2,1364259
2025-06-02 00:00:00+05:30,1812.2,1829.0,1795.6,1802.5,1238769
2025-06-03 00:00:00+05:30,1809.8,1814.0,1770.1,1775.3,1576208
2025-06-04 00:00:00+05:30,1775.0,1779.1,1762.3,1775.9,918721
2025-06-05 00:00:00+05:30,1782.0,1791.0,1765.0,1774.8,912222
2025-06-06 00:00:00+05:30,1774.8,1783.5,1751.3,1780.6,1589674
2025-06-09 00:00:00+05:30,1789.6,1799.0,1759.1,1790.8,1221496
2025-06-10 00:00:00+05:30,1790.9,1796.6,1772.0,1785.5,1400311
2025-06-11 00:00:00+05:30,1785.5,1800.9,1774.0,1799.3,1089930
2025-06-12 00:00:00+05:30,1799.9,1812.3,1760.0,1766.0,984693
2025-06-13 00:00:00+05:30,1720.0,1766.5,1720.0,1755.2,1774169
2025-06-16 00:00:00+05:30,1762.0,1800.0,1751.9,1797.8,728053
2025-06-17 00:00:00+05:30,1796.1,1806.7,1785.4,1800.2,557790
2025-06-18 00:00:00+05:30,1800.0,1805.0,1791.3,1797.2,349531
2025-06-19 00:00:00+05:30,1795.0,1804.9,1781.0,1789.4,537885
2025-06-20 00:00:00+05:30,1787.1,1821.0,1779.1,1810.9,1669329
2025-06-23 00:00:00+05:30,1810.0,1826.2,1798.6,1818.6,627282
2025-06-24 00:00:00+05:30,1832.2,1850.9,1828.0,1843.0,876488
2025-06-25 00:00:00+05:30,1843.0,1855.0,1825.0,1842.7,990856
2025-06-26 00:00:00+05:30,1850.0,1866.4,1842.7,1860.8,1147822
2025-06-27 00:00:00+05:30,1848.0,1862.9,1815.3,1850.6,6763121
2025-06-30 00:00:00+05:30,1846.0,1855.1,1826.1,1838.3,1362010
2025-07-01 00:00:00+05:30,1831.0,1865.3,1827.3,1862.5,667136
2025-07-02 00:00:00+05:30,1865.0,1875.0,1852.1,1856.8,1072946
2025-07-03 00:00:00+05:30,1850.0,1861.8,1803.0,1810.2,916863
2025-07-04 00:00:00+05:30,1806.0,1812.1,1783.1,1799.7,685665
2025-07-07 00:00:00+05:30,1799.7,1811.8,1792.2,1808.3,376143
2025-07-08 00:00:00+05:30,1801.0,1818.8,1797.3,1816.9,616714
2025-07-09 00:00:00+05:30,1820.0,1821.0,1799.0,1814.9,597896
2025-07-10 00:00:00+05:30,1811.0,1823.5,1801.4,1810.2,1104366
2025-07-11 00:00:00+05:30,1814.0,1840.0,1812.0,1835.2,770854
2025-07-14 00:00:00+05:30,1843.0,1856.3,1831.7,1851.3,1231109
2025-07-15 00:00:00+05:30,1849.9,1851.7,1822.4,1824.8,1313007
2025-07-16 00:00:00+05:30,1833.9,1839.9,1821.6,1829.1,652826
2025-07-17 00:00:00+05:30,1829.0,1829.0,1796.3,1802.8,886192
2025-07-18 00:00:00+05:30,1799.0,1802.8,1754.1,1788.4,1600088
2025-07-21 00:00:00+05:30,1794.7,1807.4,1781.0,1804.7,481174
2025-07-22 00:00:00+05:30,1791.1,1815.3,1791.1,1809.0,578221
2025-07-23 00:00:00+05:30,1809.0,1818.5,1792.0,1809.5,555690
2025-07-24 00:00:00+05:30,1808.0,1822.5,1778.7,1793.6,928018
2025-07-25 00:00:00+05:30,1814.0,1847.0,1810.9,1832.1,1821229
2025-07-28 00:00:00+05:30,1832.0,1858.0,1819.0,1850.5,1182404
2025-07-29 00:00:00+05:30,1848.0,1851.8,1822.9,1833.4,585182
2025-07-30 00:00:00+05:30,1825.0,1850.0,1824.5,1839.1,480951
2025-07-31 00:00:00+05:30,1838.0,1857.4,1821.4,1840.7,1570804
2025-08-01 00:00:00+05:30,1840.0,1843.3,1788.9,1796.2,559870
2025-08-04 00:00:00+05:30,1798.0,1836.2,1781.0,1831.5,844169
2025-08-05 00:00:00+05:30,1833.3,1860.4,1818.7,1857.0,1251783
2025-08-06 00:00:00+05:30,1858.6,1876.0,1850.6,1854.3,816457
2025-08-07 00:00:00+05:30,1835.0,1863.1,1835.0,1861.1,742694
2025-08-08 00:00:00+05:30,1851.1,1870.9,1831.0,1833.6,779798
2025-08-11 00:00:00+05:30,1836.0,1852.7,1825.9,1851.0,455452
2025-08-12 00:00:00+05:30,1849.7,1863.9,1834.0,1838.0,627624
2025-08-13 00:00:00+05:30,1841.3,1859.0,1838.0,1840.3,570828
2025-08-14 00:00:00+05:30,1842.1,1853.7,1832.2,1840.6,468063
2025-08-18 00:00:00+05:30,1879.0,1912.0,1850.0,1863.0,1924632
2025-08-19 00:00:00+05:30,1865.0,1869.9,1836.6,1854.1,621923
2025-08-20 00:00:00+05:30,1846.0,1864.9,1843.4,1858.5,446416
2025-08-21 00:00:00+05:30,1870.0,1892.5,1870.0,1877.3,1316202
2025-08-22 00:00:00+05:30,1860.1,1870.0,1849.4,1859.0,605948
2025-08-25 00:00:00+05:30,1858.9,1862.4,1843.4,1846.8,613536
2025-08-26 00:00:00+05:30,1846.9,1857.6,1809.8,1816.6,669578
2025-08-28 00:00:00+05:30,1815.7,1841.3,1806.2,1816.8,948055
2025-08-29 00:00:00+05:30,1826.9,1826.9,1801.1,1805.5,801378
2025-09-01 00:00:00+05:30,1800.0,1815.9,1796.6,1809.8,530198
2025-09-02 00:00:00+05:30,1814.9,1825.0,1802.7,1814.5,388232
2025-09-03 00:00:00+05:30,1814.5,1818.9,1797.0,1810.7,1249945
2025-09-04 00:00:00+05:30,1890.0,1890.0,1773.0,1791.1,2151243
2025-09-05 00:00:00+05:30,1815.0,1827.5,1800.1,1805.3,757123
2025-09-08 00:00:00+05:30,1807.0,1810.0,1769.5,1780.9,1553347
2025-09-09 00:00:00+05:30,1789.8,1811.5,1778.3,1805.7,895295
2025-09-10 00:00:00+05:30,1804.9,1843.6,1796.0,1833.7,881560
2025-09-11 00:00:00+05:30,1824.8,1824.9,1802.0,1814.2,663203
2025-09-12 00:00:00+05:30,1814.2,1834.5,1803.6,1830.2,509725
2025-09-15 00:00:00+05:30,1830.1,1833.0,1812.3,1822.2,485383
2025-09-16 00:00:00+05:30,1830.4,1832.9,1810.0,1818.8,496743
2025-09-17 00:00:00+05:30,1810.1,1827.5,1800.7,1804.0,706812
2025-09-18 00:00:00+05:30,1804.9,1831.0,1795.3,1821.8,817549
2025-09-19 00:00:00+05:30,1828.0,1846.9,1821.8,1841.7,1633208
2025-09-22 00:00:00+05:30,1855.0,1879.7,1852.8,1857.7,1003774
2025-09-23 00:00:00+05:30,1865.0,1865.7,1815.4,1819.4,737343
2025-09-24 00:00:00+05:30,1824.9,1825.4,1806.0,1817.1,507030
2025-09-25 00:00:00+05:30,1810.1,1819.7,1797.5,1809.8,1003709
2025-09-26 00:00:00+05:30,1807.4,1819.0,1790.0,1798.8,1561042
2025-09-29 00:00:00+05:30,1814.0,1814.0,1785.0,1788.7,1003806
2025-09-30 00:00:00+05:30,1783.0,1795.7,1778.0,1790.6,1668918
2025-10-01 00:00:00+05:30,1783.0,1806.5,1769.1,1801.1,704858
2025-10-03 00:00:00+05:30,1801.1,1803.2,1766.2,1785.1,715403
2025-10-06 00:00:00+05:30,1776.0,1784.2,1759.4,1770.9,1560572
2025-10-07 00:00:00+05:30,1777.0,1793.7,1771.3,1784.1,859968
2025-10-08 00:00:00+05:30,1784.0,1795.9,1757.7,1772.9,1323877
2025-10-09 00:00:00+05:30,1772.9,1813.4,1770.6,1809.8,848466
2025-10-10 00:00:00+05:30,1825.0,1843.7,1806.4,1810.4,1097936
2025-10-13 00:00:00+05:30,1810.0,1827.9,1798.1,1815.3,409793
2025-10-14 00:00:00+05:30,1817.4,1825.8,1807.6,1816.2,655909
2025-10-15 00:00:00+05:30,1816.1,1858.4,1813.4,1840.6,891713
2025-10-16 00:00:00+05:30,1842.6,1844.9,1809.5,1835.7,969316
2025-10-17 00:00:00+05:30,1844.0,1852.4,1820.1,1844.1,1183570
2025-10-20 00:00:00+05:30,1850.0,1857.2,1828.0,1839.7,590467
2025-10-21 00:00:00+05:30,1852.0,1852.0,1832.5,1841.0,41649
2025-10-23 00:00:00+05:30,1850.0,1864.2,1841.0,1852.7,543795
2025-10-24 00:00:00+05:30,1860.0,1864.0,1831.8,1839.8,517403
2025-10-27 00:00:00+05:30,1880.2,1923.9,1880.2,1903.1,2866910
2025-10-28 00:00:00+05:30,1903.1,1945.6,1894.8,1936.8,2166517
2025-10-29 00:00:00+05:30,1934.0,1975.0,1934.0,1970.4,2398496
2025-10-30 00:00:00+05:30,1970.4,1971.9,1954.1,1968.4,842738
2025-10-31 00:00:00+05:30,1965.0,1978.7,1951.8,1955.7,1167506
2025-11-03 00:00:00+05:30,1950.0,1982.2,1945.0,1969.6,687299
2025-11-04 00:00:00+05:30,1959.1,1997.3,1956.9,1971.5,664256
2025-11-06 00:00:00+05:30,1976.9,1990.8,1964.0,1970.8,1094086
2025-11-07 00:00:00+05:30,1962.1,2004.0,1957.7,1998.9,1241016
2025-11-10 00:00:00+05:30,2000.1,2017.9,1985.2,1989.3,1087154
2025-11-11 00:00:00+05:30,1994.9,2002.2,1982.3,1997.3,901898
2025-11-12 00:00:00+05:30,1997.3,2009.0,1983.8,1996.7,1006737
2025-11-13 00:00:00+05:30,1980.6,2005.0,1975.5,1987.9,671028
2025-11-14 00:00:00+05:30,1982.6,2003.9,1977.8,2000.9,678599
2025-11-17 00:00:00+05:30,2000.9,2012.9,1993.3,1996.0,726715
2025-11-18 00:00:00+05:30,1991.1,2013.5,1988.0,1993.3,855558
2025-11-19 00:00:00+05:30,1990.9,2008.3,1985.0,2004.8,894171
2025-11-20 00:00:00+05:30,2013.9,2032.0,2000.0,2027.1,805778
2025-11-21 00:00:00+05:30,2026.9,2030.5,2016.6,2022.5,506477
2025-11-24 00:00:00+05:30,2027.0,2086.6,2005.0,2014.8,2592739
2025-11-25 00:00:00+05:30,1972.4,2044.0,1972.4,2031.0,748087
2025-11-26 00:00:00+05:30,2031.0,2045.0,2024.0,2029.1,826123
2025-11-27 00:00:00+05:30,2030.0,2036.0,2000.8,2004.5,652128
2025-11-28 00:00:00+05:30,2011.0,2011.1,1961.0,1966.0,1011160
2025-12-01 00:00:00+05:30,1967.0,1977.0,1951.2,1971.6,483716
2025-12-02 00:00:00+05:30,1952.0,1989.9,1952.0,1981.5,942591
2025-12-03 00:00:00+05:30,1982.0,1991.0,1959.9,1972.8,515105
2025-12-04 00:00:00+05:30,1970.2,2009.0,1959.0,2002.9,660360
2025-12-05 00:00:00+05:30,2003.0,2046.3,2000.7,2023.7,749526
2025-12-08 00:00:00+05:30,2005.0,2036.0,2005.0,2020.7,1050200
2025-12-09 00:00:00+05:30,2019.0,2028.2,1990.4,2006.2,887191
2025-12-10 00:00:00+05:30,1996.0,2030.8,1994.6,2014.5,598172
2025-12-11 00:00:00+05:30,2006.1,2017.6,1995.5,2006.9,635250
2025-12-12 00:00:00+05:30,2012.0,2030.4,2002.4,2025.9,557472
2025-12-15 00:00:00+05:30,2030.1,2040.0,2008.0,2034.9,565860
2025-12-16 00:00:00+05:30,2034.9,2052.2,2021.0,2036.0,815797
2025-12-17 00:00:00+05:30,2039.4,2048.7,1995.5,2010.2,896027
2025-12-18 00:00:00+05:30,2018.0,2020.4,2001.6,2014.4,301399
2025-12-19 00:00:00+05:30,2014.5,2035.5,2012.4,2028.4,751874
2025-12-22 00:00:00+05:30,2027.7,2031.1,2013.1,2022.3,526892
2025-12-23 00:00:00+05:30,2032.2,2032.2,2018.3,2024.8,290105
2025-12-24 00:00:00+05:30,2029.2,2033.6,2020.2,2025.4,353971
2025-12-26 00:00:00+05:30,2025.4,2034.9,2004.1,2019.1,180039
2025-12-29 00:00:00+05:30,2026.7,2026.7,2006.6,2009.8,407998
2025-12-30 00:00:00+05:30,2009.8,2019.8,1968.2,1995.5,3166927
2025-12-31 00:00:00+05:30,2010.2,2043.5,1992.5,2034.9,751134
2026-01-01 00:00:00+05:30,2034.9,2045.9,2027.2,2040.4,235630
2026-01-02 00:00:00+05:30,2040.4,2077.3,2040.0,2067.4,472182
2026-01-05 00:00:00+05:30,2067.4,2094.9,2063.2,2075.6,788144
2026-01-06 00:00:00+05:30,2064.0,2106.0,2064.0,2095.8,618958
2026-01-07 00:00:00+05:30,2090.0,2109.6,2065.0,2070.8,1065734
2026-01-08 00:00:00+05:30,2080.9,2095.5,2067.7,2082.9,956736
2026-01-09 00:00:00+05:30,2093.8,2093.9,2065.0,2070.0,455165
2026-01-12 00:00:00+05:30,2085.0,2105.7,2080.0,2098.0,1051481
2026-01-13 00:00:00+05:30,2090.0,2102.1,2071.7,2082.4,425540
2026-01-14 00:00:00+05:30,2070.2,2082.0,2063.3,2068.8,942775
2026-01-16 00:00:00+05:30,2062.0,2097.2,2061.9,2081.0,753887
2026-01-19 00:00:00+05:30,2066.2,2095.6,2066.2,2073.7,552463
2026-01-20 00:00:00+05:30,2080.0,2080.0,2044.0,2049.1,576100
2026-01-21 00:00:00+05:30,2038.2,2076.8,2038.2,2055.4,1014083
2026-01-22 00:00:00+05:30,2056.1,2067.1,2009.3,2022.0,1829617
2026-01-23 00:00:00+05:30,2022.0,2022.0,1986.3,2002.6,1128576
2026-01-27 00:00:00+05:30,2005.2,2047.8,2005.2,2038.2,1396624
2026-01-28 00:00:00+05:30,2046.9,2079.4,2037.6,2053.2,1391036
2026-01-29 00:00:00+05:30,2057.4,2065.0,1962.9,1996.3,3546891
2026-01-30 00:00:00+05:30,1986.3,2018.4,1951.5,1998.5,2050622
2026-02-01 00:00:00+05:30,1998.5,2020.0,1933.5,1974.3,805792
2026-02-02 00:00:00+05:30,1972.5,2020.0,1955.5,2001.0,1337964
2026-02-03 00:00:00+05:30,2056.4,2064.9,1997.6,2002.1,1915073
2026-02-04 00:00:00+05:30,2002.1,2047.5,1995.8,2041.7,1109824
2026-02-05 00:00:00+05:30,2031.0,2045.3,2005.3,2017.8,925742
2026-02-06 00:00:00+05:30,2026.0,2029.9,1974.3,1996.7,884292
2026-02-09 00:00:00+05:30,1996.7,2036.2,1996.7,2024.0,1266623
2026-02-10 00:00:00+05:30,2024.0,2027.6,1999.0,2018.3,570843
2026-02-11 00:00:00+05:30,2023.0,2039.1,2017.3,2026.3,662626
2026-02-12 00:00:00+05:30,2022.0,2026.0,1998.0,2022.1,426707
2026-02-13 00:00:00+05:30,2039.0,2043.9,2005.2,2034.2,1240712
2026-02-16 00:00:00+05:30,2033.9,2050.3,2023.8,2042.4,580680
2026-02-17 00:00:00+05:30,2042.4,2045.0,2026.6,2039.5,377148
2026-02-18 00:00:00+05:30,2034.4,2062.4,2034.4,2059.6,353144
2026-02-19 00:00:00+05:30,2065.0,2068.0,2037.6,2043.0,420142
2026-02-20 00:00:00+05:30,2042.9,2083.3,2036.0,2080.0,922200
2026-02-23 00:00:00+05:30,2089.7,2132.0,2072.2,2109.6,998892
2026-02-24 00:00:00+05:30,2109.6,2119.0,2076.6,2082.9,841918
2026-02-25 00:00:00+05:30,2089.7,2106.0,2069.5,2073.6,355352
2026-02-26 00:00:00+05:30,2080.0,2103.4,2063.3,2082.8,567098
2026-02-27 00:00:00+05:30,2076.1,2093.8,2030.9,2037.2,1374835
2026-03-02 00:00:00+05:30,2028.0,2053.4,1996.5,2032.2,1009225
2026-03-04 00:00:00+05:30,1964.0,1997.2,1923.6,1930.6,966848
2026-03-05 00:00:00+05:30,1947.6,1951.1,1898.0,1945.0,1955176
2026-03-06 00:00:00+05:30,1930.0,1962.9,1924.8,1941.6,858666
2026-03-09 00:00:00+05:30,1900.0,1926.1,1890.0,1912.5,1617012
2026-03-10 00:00:00+05:30,1933.3,1974.8,1926.5,1963.7,587710
2026-03-11 00:00:00+05:30,1985.0,1985.0,1927.3,1938.6,829640
2026-03-12 00:00:00+05:30,1925.0,1948.1,1907.0,1939.4,868643
2026-03-13 00:00:00+05:30,1932.5,1938.9,1900.4,1904.4,989732
2026-03-16 00:00:00+05:30,1901.0,1918.0,1881.0,1909.2,902404
2026-03-17 00:00:00+05:30,1903.0,1938.7,1901.5,1932.1,1255806
2026-03-18 00:00:00+05:30,1932.0,1974.7,1932.0,1962.5,705652
2026-03-19 00:00:00+05:30,1950.0,1956.2,1897.5,1903.1,741211
2026-03-20 00:00:00+05:30,1906.9,1919.9,1890.0,1896.9,1782505
2026-03-23 00:00:00+05:30,1875.0,1889.8,1811.5,1832.3,1338816
2026-03-24 00:00:00+05:30,1842.0,1866.5,1812.2,1836.0,1403010
2026-03-25 00:00:00+05:30,1845.3,1867.4,1839.2,1851.8,1167758
2026-03-27 00:00:00+05:30,1835.2,1851.1,1828.9,1837.6,1156884
2026-03-30 00:00:00+05:30,1820.8,1828.4,1766.0,1777.3,2274502
