symbol,entry_date,exit_date,entry_price,exit_price,qty,pnl,exit_reason
DEEPAKFERT,2022-01-17 00:00:00+05:30,2022-01-19 00:00:00+05:30,564.95,510.8,101,-5469.150000000003,
NBCC,2022-01-17 00:00:00+05:30,2022-01-24 00:00:00+05:30,35.07,30.07,851,-4255.0,
REDINGTON,2022-01-10 00:00:00+05:30,2022-01-24 00:00:00+05:30,170.55,152.8,413,-7330.75,
RAIN,2022-01-17 00:00:00+05:30,2022-01-24 00:00:00+05:30,248.4,215.25,134,-4442.1,
INDIACEM,2022-01-10 00:00:00+05:30,2022-01-24 00:00:00+05:30,250.1,212.5,286,-10753.599999999999,
SHARDACROP,2022-01-07 00:00:00+05:30,2022-01-25 00:00:00+05:30,350.45,525.35,53,9269.700000000003,
DEEPAKFERT,2022-01-19 00:00:00+05:30,2022-02-04 00:00:00+05:30,510.8,653.45,15,2139.7500000000005,
GREAVESCOT,2022-01-10 00:00:00+05:30,2022-02-09 00:00:00+05:30,209.4,193.65,506,-7969.5,
PRAJIND,2022-01-17 00:00:00+05:30,2022-02-14 00:00:00+05:30,427.15,349.85,96,-7420.799999999996,
DEEPAKFERT,2022-01-19 00:00:00+05:30,2022-02-14 00:00:00+05:30,510.8,533.6,48,1094.4000000000005,
SHARDACROP,2022-01-07 00:00:00+05:30,2022-02-18 00:00:00+05:30,350.45,561.05,290,61073.99999999999,
CCL,2022-01-07 00:00:00+05:30,2022-02-18 00:00:00+05:30,425.3,456.9,274,8658.39999999999,
AAVAS,2022-01-10 00:00:00+05:30,2022-02-21 00:00:00+05:30,2733.5,3017.2,18,5106.599999999997,
BALRAMCHIN,2022-01-10 00:00:00+05:30,2022-02-21 00:00:00+05:30,419.9,393.0,180,-4841.999999999996,
SPARC,2022-01-17 00:00:00+05:30,2022-02-22 00:00:00+05:30,321.0,282.2,118,-4578.4000000000015,
HSCL,2022-02-01 00:00:00+05:30,2022-02-22 00:00:00+05:30,56.8,53.35,864,-2980.7999999999965,
KARURVYSYA,2022-02-10 00:00:00+05:30,2022-02-22 00:00:00+05:30,46.15,40.25,1041,-6141.899999999999,
CHOLAFIN,2022-02-01 00:00:00+05:30,2022-03-15 00:00:00+05:30,653.95,685.8,63,2006.5499999999943,
CHENNPETRO,2022-03-21 00:00:00+05:30,2022-04-06 00:00:00+05:30,126.85,164.0,220,8173.000000000001,
SUNDRMFAST,2022-04-04 00:00:00+05:30,2022-04-11 00:00:00+05:30,906.05,856.0,27,-1351.3499999999988,RS replacement
BAJAJHLDNG,2022-04-11 00:00:00+05:30,2022-04-13 00:00:00+05:30,6150.4,5517.05,6,-3800.0999999999967,
RCF,2022-03-28 00:00:00+05:30,2022-04-18 00:00:00+05:30,81.15,108.2,143,3868.1499999999996,
TNPL,2022-03-21 00:00:00+05:30,2022-04-18 00:00:00+05:30,160.75,212.55,194,10049.200000000003,
PHOENIXLTD,2022-04-04 00:00:00+05:30,2022-04-21 00:00:00+05:30,539.0,506.9,57,-1829.7000000000012,RS replacement
VOLTAS,2022-03-21 00:00:00+05:30,2022-05-02 00:00:00+05:30,1288.7,1230.95,87,-5024.25,
TNPL,2022-03-21 00:00:00+05:30,2022-05-02 00:00:00+05:30,160.75,216.95,716,40239.19999999999,
CHENNPETRO,2022-03-21 00:00:00+05:30,2022-05-02 00:00:00+05:30,126.85,307.15,654,117916.19999999998,
YESBANK,2022-04-13 00:00:00+05:30,2022-05-06 00:00:00+05:30,14.55,13.2,2229,-3009.1500000000033,
JSWSTEEL,2022-03-28 00:00:00+05:30,2022-05-09 00:00:00+05:30,730.1,678.35,100,-5175.0,
THOMASCOOK,2022-04-04 00:00:00+05:30,2022-05-09 00:00:00+05:30,76.95,67.4,493,-4708.149999999999,
MHRIL,2022-03-28 00:00:00+05:30,2022-05-09 00:00:00+05:30,232.35,234.05,369,627.3000000000063,
UFLEX,2022-03-28 00:00:00+05:30,2022-05-09 00:00:00+05:30,595.65,611.05,146,2248.399999999997,
RCF,2022-03-28 00:00:00+05:30,2022-05-09 00:00:00+05:30,81.15,89.7,453,3873.1499999999987,
ADANIPORTS,2022-04-04 00:00:00+05:30,2022-05-10 00:00:00+05:30,818.55,769.1,58,-2868.099999999996,
CRISIL,2022-04-04 00:00:00+05:30,2022-05-16 00:00:00+05:30,3286.3,3673.3,14,5418.0,
MRPL,2022-04-21 00:00:00+05:30,2022-05-18 00:00:00+05:30,67.28,87.5,136,2749.92,
MRPL,2022-04-21 00:00:00+05:30,2022-06-02 00:00:00+05:30,67.28,80.45,505,6650.850000000001,
SIEMENS,2022-07-11 00:00:00+05:30,2022-08-22 00:00:00+05:30,2038.25,2190.65,85,12954.000000000007,
TIINDIA,2022-07-11 00:00:00+05:30,2022-08-22 00:00:00+05:30,2056.4,2112.35,47,2629.6499999999915,
HSCL,2022-07-11 00:00:00+05:30,2022-08-22 00:00:00+05:30,91.2,97.35,1102,6777.29999999999,
GALAXYSURF,2022-07-18 00:00:00+05:30,2022-08-29 00:00:00+05:30,3028.05,3249.6,31,6868.049999999992,
ITI,2022-07-18 00:00:00+05:30,2022-08-29 00:00:00+05:30,117.35,112.7,577,-2683.049999999995,
BRIGADE,2022-08-08 00:00:00+05:30,2022-08-29 00:00:00+05:30,519.15,497.5,98,-2121.699999999998,RS replacement
FEDERALBNK,2022-07-25 00:00:00+05:30,2022-09-05 00:00:00+05:30,107.35,123.55,1104,17884.800000000003,
RPOWER,2022-08-29 00:00:00+05:30,2022-09-05 00:00:00+05:30,16.3,23.3,769,5383.0,
NAVINFLUOR,2022-08-08 00:00:00+05:30,2022-09-05 00:00:00+05:30,4462.15,4252.15,14,-2940.0,RS replacement
BEML,2022-08-22 00:00:00+05:30,2022-09-08 00:00:00+05:30,915.9,768.6,83,-12225.899999999996,
KARURVYSYA,2022-08-01 00:00:00+05:30,2022-09-08 00:00:00+05:30,48.95,61.6,404,5110.599999999999,
YESBANK,2022-08-01 00:00:00+05:30,2022-09-12 00:00:00+05:30,15.25,17.55,4979,11451.700000000004,
KARURVYSYA,2022-08-01 00:00:00+05:30,2022-09-12 00:00:00+05:30,48.95,62.6,1209,16502.85,
RPOWER,2022-08-29 00:00:00+05:30,2022-09-15 00:00:00+05:30,16.3,18.1,3027,5448.600000000002,
SUNDRMFAST,2022-08-08 00:00:00+05:30,2022-09-19 00:00:00+05:30,827.55,883.8,41,2306.25,
GRINDWELL,2022-08-08 00:00:00+05:30,2022-09-19 00:00:00+05:30,1997.9,2196.8,20,3978.000000000002,
ITDC,2022-08-29 00:00:00+05:30,2022-09-26 00:00:00+05:30,392.2,350.7,167,-6930.5,
JSWENERGY,2022-09-05 00:00:00+05:30,2022-09-26 00:00:00+05:30,355.9,296.15,178,-10635.5,
VAKRANGEE,2022-09-12 00:00:00+05:30,2022-09-26 00:00:00+05:30,40.3,35.95,2140,-9308.999999999987,
CENTURYPLY,2022-08-22 00:00:00+05:30,2022-10-03 00:00:00+05:30,666.8,629.25,116,-4355.799999999995,
TATACHEM,2022-08-22 00:00:00+05:30,2022-10-03 00:00:00+05:30,1087.5,1093.7,64,396.8000000000029,
REDINGTON,2022-08-29 00:00:00+05:30,2022-10-10 00:00:00+05:30,149.05,140.95,400,-3240.000000000009,
INOXWIND,2022-09-05 00:00:00+05:30,2022-10-17 00:00:00+05:30,31.54,37.21,2229,12638.430000000004,
ALLCARGO,2022-09-09 00:00:00+05:30,2022-10-21 00:00:00+05:30,83.89,91.11,857,6187.539999999999,
HUDCO,2022-11-07 00:00:00+05:30,2022-11-23 00:00:00+05:30,42.0,50.85,1157,10239.450000000003,
ICRA,2022-10-17 00:00:00+05:30,2022-11-28 00:00:00+05:30,3982.35,4241.05,49,12676.300000000014,
PFC,2022-11-21 00:00:00+05:30,2022-12-08 00:00:00+05:30,100.05,115.65,432,6739.2000000000035,
BBTC,2022-12-05 00:00:00+05:30,2022-12-16 00:00:00+05:30,1036.1,966.2,130,-9086.999999999982,
HUDCO,2022-11-07 00:00:00+05:30,2022-12-19 00:00:00+05:30,42.0,57.9,3889,61835.09999999999,
IRB,2022-11-15 00:00:00+05:30,2022-12-20 00:00:00+05:30,12.8,15.92,2574,8030.879999999998,
ITDC,2022-11-28 00:00:00+05:30,2022-12-22 00:00:00+05:30,385.1,346.55,299,-11526.450000000003,
MOIL,2022-12-05 00:00:00+05:30,2022-12-23 00:00:00+05:30,166.0,152.7,464,-6171.200000000005,
IRB,2022-11-15 00:00:00+05:30,2022-12-27 00:00:00+05:30,12.8,14.78,7887,15616.25999999999,
PFC,2022-11-21 00:00:00+05:30,2023-01-02 00:00:00+05:30,100.05,119.75,1316,25925.200000000004,
DABUR,2022-12-05 00:00:00+05:30,2023-01-06 00:00:00+05:30,587.1,552.85,184,-6302.0,
BALMLAWRIE,2022-12-05 00:00:00+05:30,2023-01-16 00:00:00+05:30,115.65,117.05,937,1311.799999999992,
ECLERX,2023-02-16 00:00:00+05:30,2023-03-20 00:00:00+05:30,735.8,679.2,240,-13583.999999999978,
PGHL,2023-02-15 00:00:00+05:30,2023-03-29 00:00:00+05:30,4513.5,4438.0,69,-5209.5,
JAGRAN,2023-05-03 00:00:00+05:30,2023-05-08 00:00:00+05:30,73.15,72.1,349,-366.45000000000397,RS replacement
JBCHEPHARM,2023-04-17 00:00:00+05:30,2023-05-08 00:00:00+05:30,1071.9,1042.55,155,-4549.250000000021,RS replacement
ICICIBANK,2023-05-02 00:00:00+05:30,2023-05-08 00:00:00+05:30,922.1,937.9,62,979.5999999999972,RS replacement
PRSMJOHNSN,2023-04-24 00:00:00+05:30,2023-05-12 00:00:00+05:30,123.55,116.5,749,-5280.449999999998,RS replacement
FDC,2023-05-02 00:00:00+05:30,2023-05-16 00:00:00+05:30,295.35,294.45,190,-171.00000000000648,RS replacement
JKTYRE,2023-05-08 00:00:00+05:30,2023-05-18 00:00:00+05:30,201.55,180.95,222,-4573.200000000005,
MINDACORP,2023-04-10 00:00:00+05:30,2023-05-22 00:00:00+05:30,254.45,279.3,649,16127.650000000014,
OBEROIRLTY,2023-04-17 00:00:00+05:30,2023-05-29 00:00:00+05:30,916.8,929.65,211,2711.350000000005,
GREAVESCOT,2023-05-18 00:00:00+05:30,2023-05-29 00:00:00+05:30,153.85,133.05,364,-7571.199999999993,
DLF,2023-04-17 00:00:00+05:30,2023-05-29 00:00:00+05:30,415.35,482.65,553,37216.89999999997,
GULFOILLUB,2023-05-29 00:00:00+05:30,2023-06-05 00:00:00+05:30,442.8,446.8,471,1884.0,RS replacement
PRAJIND,2023-05-29 00:00:00+05:30,2023-06-05 00:00:00+05:30,386.15,384.4,435,-761.25,RS replacement
LEMONTREE,2023-05-02 00:00:00+05:30,2023-06-06 00:00:00+05:30,87.9,93.3,701,3785.399999999994,RS replacement
SUZLON,2023-06-05 00:00:00+05:30,2023-06-07 00:00:00+05:30,11.4,14.45,1888,5758.399999999998,
GSFC,2023-05-02 00:00:00+05:30,2023-06-13 00:00:00+05:30,158.99,153.82,565,-2921.050000000009,
EIHOTEL,2023-05-02 00:00:00+05:30,2023-06-13 00:00:00+05:30,188.6,213.85,281,7095.25,
AUBANK,2023-05-03 00:00:00+05:30,2023-06-14 00:00:00+05:30,684.8,772.2,43,3758.200000000004,
ENGINERSIN,2023-05-08 00:00:00+05:30,2023-06-19 00:00:00+05:30,98.9,114.0,503,7595.299999999997,
HSCL,2023-05-08 00:00:00+05:30,2023-06-19 00:00:00+05:30,118.75,131.65,207,2670.300000000001,
CHOLAHLDNG,2023-05-12 00:00:00+05:30,2023-06-23 00:00:00+05:30,776.4,869.1,73,6767.100000000003,
CEATLTD,2023-05-16 00:00:00+05:30,2023-06-27 00:00:00+05:30,1862.4,2081.75,32,7019.199999999997,
NESCO,2023-05-22 00:00:00+05:30,2023-07-03 00:00:00+05:30,623.15,627.35,166,697.2000000000075,
TIMETECHNO,2023-06-06 00:00:00+05:30,2023-07-10 00:00:00+05:30,53.1,65.2,510,6171.000000000001,
BLISSGVS,2023-06-19 00:00:00+05:30,2023-07-17 00:00:00+05:30,81.9,100.45,283,5249.65,
KOLTEPATIL,2023-06-05 00:00:00+05:30,2023-07-17 00:00:00+05:30,344.05,385.05,300,12300.0,
REPCOHOME,2023-06-05 00:00:00+05:30,2023-07-17 00:00:00+05:30,276.25,314.1,270,10219.500000000005,
SUZLON,2023-06-05 00:00:00+05:30,2023-07-17 00:00:00+05:30,11.4,18.2,5625,38249.99999999999,
TIMETECHNO,2023-06-06 00:00:00+05:30,2023-07-18 00:00:00+05:30,53.1,68.4,1529,23393.700000000008,
JAGRAN,2023-06-19 00:00:00+05:30,2023-07-20 00:00:00+05:30,78.5,102.1,155,3657.999999999999,
JSWSTEEL,2023-06-13 00:00:00+05:30,2023-07-25 00:00:00+05:30,756.65,800.55,230,10096.999999999995,
CASTROLIND,2023-06-27 00:00:00+05:30,2023-07-26 00:00:00+05:30,118.19,140.94,162,3685.5,
TCS,2023-07-18 00:00:00+05:30,2023-07-28 00:00:00+05:30,3496.85,3355.4,40,-5657.999999999993,
ASTRAZEN,2023-06-19 00:00:00+05:30,2023-07-31 00:00:00+05:30,3650.55,3866.0,27,5817.149999999995,
JAGRAN,2023-06-19 00:00:00+05:30,2023-07-31 00:00:00+05:30,78.5,103.85,645,16350.749999999996,
MOTILALOFS,2023-06-19 00:00:00+05:30,2023-07-31 00:00:00+05:30,179.65,209.6,617,18479.149999999994,
BLISSGVS,2023-06-19 00:00:00+05:30,2023-07-31 00:00:00+05:30,81.9,99.65,866,15371.5,
MFSL,2023-06-26 00:00:00+05:30,2023-08-07 00:00:00+05:30,745.8,785.25,92,3629.400000000004,
CASTROLIND,2023-06-27 00:00:00+05:30,2023-08-08 00:00:00+05:30,118.19,143.46,712,17992.24000000001,
GILLETTE,2023-07-03 00:00:00+05:30,2023-08-14 00:00:00+05:30,5014.5,5350.5,17,5712.0,
ASHOKA,2023-07-17 00:00:00+05:30,2023-08-28 00:00:00+05:30,93.75,100.2,767,4947.150000000002,
JINDALSTEL,2023-07-17 00:00:00+05:30,2023-08-28 00:00:00+05:30,637.9,655.85,158,2836.100000000007,
MPHASIS,2023-07-17 00:00:00+05:30,2023-08-28 00:00:00+05:30,2028.2,2231.0,63,12776.399999999998,
SOLARINDS,2023-08-14 00:00:00+05:30,2023-08-28 00:00:00+05:30,4162.25,4889.9,11,8004.149999999996,
NMDC,2023-08-07 00:00:00+05:30,2023-08-31 00:00:00+05:30,32.7,37.5,1848,8870.399999999994,
ZYDUSWELL,2023-08-28 00:00:00+05:30,2023-09-12 00:00:00+05:30,332.4,312.8,526,-10309.599999999982,
PETRONET,2023-09-11 00:00:00+05:30,2023-09-12 00:00:00+05:30,229.65,216.4,522,-6916.5,
IRB,2023-09-11 00:00:00+05:30,2023-09-14 00:00:00+05:30,17.08,15.92,6152,-7136.31999999999,
GODFRYPHLP,2023-08-07 00:00:00+05:30,2023-09-18 00:00:00+05:30,685.0,685.0,295,0.0,
NMDC,2023-08-07 00:00:00+05:30,2023-09-18 00:00:00+05:30,32.7,45.4,6161,78244.69999999997,
IRB,2023-09-14 00:00:00+05:30,2023-09-21 00:00:00+05:30,15.92,14.75,5530,-6470.099999999999,
SOLARINDS,2023-08-14 00:00:00+05:30,2023-09-25 00:00:00+05:30,4162.25,4612.55,42,18912.600000000006,
VIPIND,2023-08-14 00:00:00+05:30,2023-09-25 00:00:00+05:30,664.65,654.9,180,-1755.0,
KRBL,2023-08-14 00:00:00+05:30,2023-09-25 00:00:00+05:30,399.15,402.75,209,752.4000000000048,
INDOCO,2023-09-18 00:00:00+05:30,2023-10-04 00:00:00+05:30,356.55,329.9,444,-11832.600000000015,
TNPL,2023-08-28 00:00:00+05:30,2023-10-09 00:00:00+05:30,265.4,249.6,517,-8168.599999999991,
MGL,2023-10-10 00:00:00+05:30,2023-10-20 00:00:00+05:30,1108.65,1030.05,251,-19728.600000000035,
BALRAMCHIN,2023-09-11 00:00:00+05:30,2023-10-23 00:00:00+05:30,420.2,402.75,175,-3053.749999999998,
PETRONET,2023-09-12 00:00:00+05:30,2023-10-23 00:00:00+05:30,216.4,202.7,618,-8466.600000000011,
YESBANK,2023-11-17 00:00:00+05:30,2023-11-22 00:00:00+05:30,20.8,19.2,7596,-12153.600000000011,
HINDPETRO,2023-11-20 00:00:00+05:30,2023-12-04 00:00:00+05:30,179.1,224.15,126,5676.300000000001,
RADICO,2023-11-12 00:00:00+05:30,2023-12-05 00:00:00+05:30,1386.6,1720.85,40,13370.0,
BDL,2023-12-04 00:00:00+05:30,2023-12-18 00:00:00+05:30,616.8,764.6,43,6355.400000000003,
BASF,2023-11-12 00:00:00+05:30,2023-12-26 00:00:00+05:30,2855.15,3084.95,83,19073.399999999976,
JKCEMENT,2023-11-12 00:00:00+05:30,2023-12-26 00:00:00+05:30,3495.5,3765.4,49,13225.100000000004,
RADICO,2023-11-12 00:00:00+05:30,2023-12-26 00:00:00+05:30,1386.6,1615.15,139,31768.450000000026,
WABAG,2023-11-12 00:00:00+05:30,2023-12-26 00:00:00+05:30,566.8,598.05,437,13656.25,
SAIL,2023-12-11 00:00:00+05:30,2023-12-28 00:00:00+05:30,100.8,122.85,130,2866.4999999999995,
NFL,2023-12-11 00:00:00+05:30,2024-01-01 00:00:00+05:30,79.4,99.8,157,3202.799999999999,
HINDPETRO,2023-11-20 00:00:00+05:30,2024-01-01 00:00:00+05:30,179.1,239.15,389,23359.450000000004,
BDL,2023-12-04 00:00:00+05:30,2024-01-15 00:00:00+05:30,616.8,877.85,133,34719.65000000001,
SUDARSCHEM,2023-12-26 00:00:00+05:30,2024-01-17 00:00:00+05:30,548.5,504.1,219,-9723.599999999995,
CASTROLIND,2023-12-26 00:00:00+05:30,2024-01-17 00:00:00+05:30,177.43,163.24,1074,-15240.059999999998,
ABB,2023-12-11 00:00:00+05:30,2024-01-23 00:00:00+05:30,4786.85,4770.55,17,-277.1000000000031,
GSPL,2023-12-12 00:00:00+05:30,2024-01-23 00:00:00+05:30,293.9,347.65,151,8116.25,
INDIACEM,2023-12-11 00:00:00+05:30,2024-01-23 00:00:00+05:30,269.5,235.35,290,-9903.500000000002,
AMBUJACEM,2023-12-11 00:00:00+05:30,2024-01-23 00:00:00+05:30,504.0,525.05,290,6104.499999999987,
AVANTIFEED,2024-01-15 00:00:00+05:30,2024-01-23 00:00:00+05:30,552.25,512.05,213,-8562.60000000001,
SAIL,2023-12-11 00:00:00+05:30,2024-01-23 00:00:00+05:30,100.8,108.8,476,3808.0,
NFL,2023-12-11 00:00:00+05:30,2024-01-23 00:00:00+05:30,79.4,112.05,465,15182.249999999996,
DCBBANK,2024-01-01 00:00:00+05:30,2024-01-25 00:00:00+05:30,145.3,135.25,851,-8552.55000000001,
INDOSTAR,2024-01-17 00:00:00+05:30,2024-02-05 00:00:00+05:30,201.55,183.9,519,-9160.350000000002,
HFCL,2023-12-26 00:00:00+05:30,2024-02-06 00:00:00+05:30,85.8,103.5,1315,23275.500000000004,
HERITGFOOD,2023-12-26 00:00:00+05:30,2024-02-06 00:00:00+05:30,303.4,316.5,710,9301.000000000016,
RAIN,2024-01-29 00:00:00+05:30,2024-02-12 00:00:00+05:30,186.0,170.9,1292,-19509.199999999993,
PNCINFRA,2024-01-17 00:00:00+05:30,2024-02-28 00:00:00+05:30,413.85,430.65,350,5879.999999999984,
JAGRAN,2024-02-19 00:00:00+05:30,2024-03-11 00:00:00+05:30,114.3,103.5,787,-8499.599999999999,
JAMNAAUTO,2024-02-12 00:00:00+05:30,2024-03-13 00:00:00+05:30,115.75,109.45,2125,-13387.499999999995,
VGUARD,2024-02-12 00:00:00+05:30,2024-03-13 00:00:00+05:30,307.0,306.1,894,-804.5999999999797,
ASTRAL,2024-02-26 00:00:00+05:30,2024-03-19 00:00:00+05:30,2084.45,1951.75,48,-6369.599999999991,
TATACHEM,2024-03-11 00:00:00+05:30,2024-03-20 00:00:00+05:30,1175.4,1031.3,75,-10807.500000000011,
ABCAPITAL,2024-02-12 00:00:00+05:30,2024-03-26 00:00:00+05:30,180.4,177.1,1531,-5052.3000000000175,
TRITURBINE,2024-02-12 00:00:00+05:30,2024-03-26 00:00:00+05:30,428.35,537.6,258,28186.5,
MHRIL,2024-02-13 00:00:00+05:30,2024-03-26 00:00:00+05:30,398.9,395.4,307,-1074.5,
SHILPAMED,2024-02-26 00:00:00+05:30,2024-04-08 00:00:00+05:30,216.05,253.0,329,12156.549999999996,
HEG,2024-03-18 00:00:00+05:30,2024-04-15 00:00:00+05:30,373.05,488.05,68,7820.0,
LINDEINDIA,2024-03-26 00:00:00+05:30,2024-04-24 00:00:00+05:30,6390.7,8245.15,5,9272.25,
ICICIPRULI,2024-03-18 00:00:00+05:30,2024-04-29 00:00:00+05:30,565.85,559.9,321,-1909.9500000000146,
HEG,2024-03-18 00:00:00+05:30,2024-04-29 00:00:00+05:30,373.05,477.45,201,20984.399999999994,
COFFEEDAY,2024-04-22 00:00:00+05:30,2024-05-06 00:00:00+05:30,64.2,59.85,680,-2958.000000000001,RS replacement
MHRIL,2024-04-29 00:00:00+05:30,2024-05-06 00:00:00+05:30,433.7,405.0,118,-3386.5999999999985,RS replacement
DMART,2024-03-26 00:00:00+05:30,2024-05-07 00:00:00+05:30,4486.2,4660.45,81,14114.25,
LINDEINDIA,2024-03-26 00:00:00+05:30,2024-05-07 00:00:00+05:30,6390.7,7983.1,24,38217.60000000001,
CHOLAFIN,2024-05-06 00:00:00+05:30,2024-05-09 00:00:00+05:30,1326.0,1222.5,38,-3933.0,
HINDZINC,2024-04-15 00:00:00+05:30,2024-05-10 00:00:00+05:30,407.25,525.5,74,8750.5,
MUTHOOTFIN,2024-04-08 00:00:00+05:30,2024-05-21 00:00:00+05:30,1674.2,1703.4,97,2832.400000000004,
BHARATFORG,2024-04-29 00:00:00+05:30,2024-05-24 00:00:00+05:30,1282.0,1573.5,26,7579.0,
SYMPHONY,2024-04-15 00:00:00+05:30,2024-05-27 00:00:00+05:30,951.7,1054.65,131,13486.450000000006,
HINDZINC,2024-04-15 00:00:00+05:30,2024-05-27 00:00:00+05:30,407.25,706.9,358,107274.7,
DEEPAKNTR,2024-04-29 00:00:00+05:30,2024-05-29 00:00:00+05:30,2443.85,2267.65,36,-6343.199999999993,
GILLETTE,2024-05-16 00:00:00+05:30,2024-06-03 00:00:00+05:30,6681.5,7064.0,16,6120.0,RS replacement
JISLJALEQS,2024-05-21 00:00:00+05:30,2024-06-04 00:00:00+05:30,64.55,55.0,890,-8499.499999999998,
LUXIND,2024-05-06 00:00:00+05:30,2024-06-04 00:00:00+05:30,1467.3,1300.75,38,-6328.899999999998,
BALKRISIND,2024-05-27 00:00:00+05:30,2024-06-04 00:00:00+05:30,3101.95,2897.55,55,-11241.99999999998,
WHIRLPOOL,2024-04-29 00:00:00+05:30,2024-06-10 00:00:00+05:30,1476.7,1702.6,76,17168.39999999999,
ABFRL,2024-04-29 00:00:00+05:30,2024-06-10 00:00:00+05:30,203.45,245.15,467,19473.90000000001,
BHARATFORG,2024-04-29 00:00:00+05:30,2024-06-10 00:00:00+05:30,1282.0,1580.8,80,23903.999999999996,
SKFINDIA,2024-05-16 00:00:00+05:30,2024-06-14 00:00:00+05:30,2653.2,3244.7,15,8872.5,
SUPREMEIND,2024-05-06 00:00:00+05:30,2024-06-18 00:00:00+05:30,5273.15,6156.4,10,8832.5,
RPOWER,2024-06-18 00:00:00+05:30,2024-06-24 00:00:00+05:30,30.96,29.7,1899,-2392.740000000003,RS replacement
DBCORP,2024-06-10 00:00:00+05:30,2024-06-24 00:00:00+05:30,306.8,306.5,329,-98.70000000000374,RS replacement
MARICO,2024-05-16 00:00:00+05:30,2024-06-27 00:00:00+05:30,591.25,611.65,353,7201.199999999992,
SKFINDIA,2024-05-16 00:00:00+05:30,2024-06-27 00:00:00+05:30,2653.2,3057.6,53,21433.200000000004,
NESCO,2024-05-29 00:00:00+05:30,2024-07-01 00:00:00+05:30,873.9,951.65,128,9952.0,RS replacement
RKFORGE,2024-06-24 00:00:00+05:30,2024-07-02 00:00:00+05:30,896.8,915.75,85,1610.7500000000039,RS replacement
FINCABLES,2024-05-27 00:00:00+05:30,2024-07-08 00:00:00+05:30,1455.95,1635.6,115,20659.749999999985,
KNRCON,2024-06-03 00:00:00+05:30,2024-07-15 00:00:00+05:30,324.6,360.8,318,11511.599999999997,
SUNDRMFAST,2024-06-05 00:00:00+05:30,2024-07-18 00:00:00+05:30,1222.35,1401.3,129,23084.550000000007,
GRANULES,2024-06-10 00:00:00+05:30,2024-07-22 00:00:00+05:30,473.35,517.8,251,11156.949999999983,
IDEA,2024-06-10 00:00:00+05:30,2024-07-22 00:00:00+05:30,15.81,15.89,5059,404.72000000000037,
SUNTECK,2024-06-10 00:00:00+05:30,2024-07-22 00:00:00+05:30,524.75,609.75,293,24905.0,
3MINDIA,2024-06-18 00:00:00+05:30,2024-07-30 00:00:00+05:30,37068.55,39600.65,3,7596.299999999996,
PCJEWELLER,2024-07-15 00:00:00+05:30,2024-07-31 00:00:00+05:30,7.07,9.39,3407,7904.240000000001,
MPHASIS,2024-07-22 00:00:00+05:30,2024-08-05 00:00:00+05:30,2868.4,2600.3,72,-19303.199999999993,
CERA,2024-06-24 00:00:00+05:30,2024-08-05 00:00:00+05:30,9142.25,9436.7,13,3827.8500000000095,
KAJARIACER,2024-06-27 00:00:00+05:30,2024-08-08 00:00:00+05:30,1425.1,1471.1,85,3910.0,
UFLEX,2024-06-27 00:00:00+05:30,2024-08-08 00:00:00+05:30,519.3,566.5,266,12555.200000000012,
ORIENTCEM,2024-07-01 00:00:00+05:30,2024-08-12 00:00:00+05:30,314.15,340.7,321,8522.550000000003,
BBTC,2024-07-02 00:00:00+05:30,2024-08-13 00:00:00+05:30,2077.75,2242.55,53,8734.400000000009,
APLLTD,2024-07-30 00:00:00+05:30,2024-08-13 00:00:00+05:30,1174.0,1068.15,109,-11537.64999999999,
PERSISTENT,2024-07-08 00:00:00+05:30,2024-08-19 00:00:00+05:30,4586.3,4874.5,26,7493.199999999995,
PCJEWELLER,2024-07-15 00:00:00+05:30,2024-08-26 00:00:00+05:30,7.07,11.98,11472,56327.520000000004,
SUVEN,2024-07-18 00:00:00+05:30,2024-08-29 00:00:00+05:30,131.29,143.11,766,9054.120000000017,
HATSUN,2024-07-22 00:00:00+05:30,2024-09-02 00:00:00+05:30,1199.0,1316.8,108,12722.399999999994,
CEATLTD,2024-07-22 00:00:00+05:30,2024-09-02 00:00:00+05:30,2618.4,2795.65,40,7090.0,
JAMNAAUTO,2024-08-05 00:00:00+05:30,2024-09-02 00:00:00+05:30,130.75,126.0,867,-4118.25,
PRSMJOHNSN,2024-09-09 00:00:00+05:30,2024-09-11 00:00:00+05:30,174.0,232.61,175,10256.750000000002,
SRF,2024-08-05 00:00:00+05:30,2024-09-16 00:00:00+05:30,2473.0,2436.9,76,-2743.599999999993,
PTC,2024-09-16 00:00:00+05:30,2024-09-19 00:00:00+05:30,242.16,214.65,746,-20522.459999999992,
MRF,2024-08-12 00:00:00+05:30,2024-09-23 00:00:00+05:30,137285.5,137234.8,1,-50.70000000001164,
SHK,2024-08-26 00:00:00+05:30,2024-09-25 00:00:00+05:30,237.77,310.45,177,12864.359999999997,
PTC,2024-09-19 00:00:00+05:30,2024-09-30 00:00:00+05:30,214.65,209.77,545,-2659.5999999999976,
INDOCO,2024-08-26 00:00:00+05:30,2024-10-04 00:00:00+05:30,360.75,334.65,584,-15242.400000000012,
VAKRANGEE,2024-09-30 00:00:00+05:30,2024-10-04 00:00:00+05:30,35.73,30.71,4333,-21751.65999999998,
EDELWEISS,2024-08-26 00:00:00+05:30,2024-10-07 00:00:00+05:30,109.85,115.4,1673,9285.15000000002,
SHK,2024-08-26 00:00:00+05:30,2024-10-07 00:00:00+05:30,237.77,293.85,594,33311.520000000004,
PRSMJOHNSN,2024-09-09 00:00:00+05:30,2024-10-07 00:00:00+05:30,174.0,186.18,560,6820.800000000004,
RAIN,2024-09-16 00:00:00+05:30,2024-10-07 00:00:00+05:30,185.87,161.51,815,-19853.400000000012,
TATAPOWER,2024-09-30 00:00:00+05:30,2024-10-07 00:00:00+05:30,482.6,441.3,335,-13835.500000000004,
BAJAJFINSV,2024-09-02 00:00:00+05:30,2024-10-14 00:00:00+05:30,1840.55,1867.2,181,4823.650000000016,
GUJALKALI,2024-09-16 00:00:00+05:30,2024-10-28 00:00:00+05:30,822.05,807.15,179,-2667.099999999996,
CARERATING,2024-10-14 00:00:00+05:30,2024-11-01 00:00:00+05:30,1213.6,1509.35,69,20406.75,
CARERATING,2024-10-14 00:00:00+05:30,2024-11-25 00:00:00+05:30,1213.6,1477.25,225,59321.25000000002,
SIEMENS,2024-12-03 00:00:00+05:30,2024-12-20 00:00:00+05:30,5889.5,5232.75,62,-40718.5,
JISLJALEQS,2024-12-16 00:00:00+05:30,2024-12-20 00:00:00+05:30,77.4,68.94,1546,-13079.160000000013,
CESC,2024-12-10 00:00:00+05:30,2024-12-23 00:00:00+05:30,182.55,173.52,978,-8831.340000000002,
INDIANB,2024-12-03 00:00:00+05:30,2024-12-30 00:00:00+05:30,565.45,517.7,532,-25403.0,
ITI,2024-12-16 00:00:00+05:30,2025-01-06 00:00:00+05:30,373.0,544.35,76,13022.600000000002,
LEMONTREE,2024-12-16 00:00:00+05:30,2025-01-13 00:00:00+05:30,149.73,136.63,1442,-18890.199999999993,
ITI,2024-12-16 00:00:00+05:30,2025-01-14 00:00:00+05:30,373.0,405.85,261,8573.850000000006,
ASHOKA,2024-12-09 00:00:00+05:30,2025-01-20 00:00:00+05:30,284.61,285.25,638,408.3199999999913,
MUTHOOTFIN,2024-12-16 00:00:00+05:30,2025-01-27 00:00:00+05:30,2119.2,2139.0,80,1584.0000000000146,
GHCL,2024-12-16 00:00:00+05:30,2025-01-27 00:00:00+05:30,694.25,683.05,128,-1433.6000000000058,
MARUTI,2025-02-04 00:00:00+05:30,2025-02-21 00:00:00+05:30,13109.95,12323.45,39,-30673.5,
UPL,2025-02-04 00:00:00+05:30,2025-03-18 00:00:00+05:30,636.9,635.2,469,-797.299999999968,
COROMANDEL,2025-03-24 00:00:00+05:30,2025-05-05 00:00:00+05:30,1986.0,2228.2,169,40931.79999999997,
MAHSCOOTER,2025-04-01 00:00:00+05:30,2025-05-13 00:00:00+05:30,10686.2,11536.0,23,19545.399999999983,
MARICO,2025-04-15 00:00:00+05:30,2025-05-27 00:00:00+05:30,711.85,715.65,346,1314.7999999999843,
RELIANCE,2025-05-05 00:00:00+05:30,2025-06-02 00:00:00+05:30,1431.3,1413.7,148,-2604.7999999999865,RS replacement
GRAPHITE,2025-05-26 00:00:00+05:30,2025-06-03 00:00:00+05:30,536.9,555.25,109,2000.1500000000024,RS replacement
HDFCAMC,2025-04-28 00:00:00+05:30,2025-06-09 00:00:00+05:30,2174.0,2608.5,89,38670.5,
KRBL,2025-04-28 00:00:00+05:30,2025-06-09 00:00:00+05:30,311.5,371.15,404,24098.59999999999,
AUBANK,2025-04-28 00:00:00+05:30,2025-06-09 00:00:00+05:30,688.4,772.0,283,23658.800000000007,
CARERATING,2025-05-19 00:00:00+05:30,2025-06-11 00:00:00+05:30,1540.4,1939.2,17,6779.599999999999,
CEATLTD,2025-05-05 00:00:00+05:30,2025-06-16 00:00:00+05:30,3430.9,3638.8,55,11434.500000000005,
DCBBANK,2025-05-05 00:00:00+05:30,2025-06-16 00:00:00+05:30,137.55,142.99,1332,7246.079999999997,
BRIGADE,2025-06-09 00:00:00+05:30,2025-06-19 00:00:00+05:30,1252.7,1135.4,165,-19354.499999999993,
DCAL,2025-06-09 00:00:00+05:30,2025-06-19 00:00:00+05:30,274.1,240.9,474,-15736.800000000008,
BIRLACORPN,2025-05-19 00:00:00+05:30,2025-06-20 00:00:00+05:30,1407.5,1266.0,83,-11744.5,
SOUTHBANK,2025-05-19 00:00:00+05:30,2025-06-30 00:00:00+05:30,28.77,30.79,3710,7494.199999999998,
CARERATING,2025-05-19 00:00:00+05:30,2025-06-30 00:00:00+05:30,1540.4,1788.2,55,13628.999999999998,
INTELLECT,2025-05-19 00:00:00+05:30,2025-06-30 00:00:00+05:30,1062.15,1148.9,116,10063.0,
ENDURANCE,2025-05-27 00:00:00+05:30,2025-07-08 00:00:00+05:30,2448.9,2622.4,40,6940.0,
GLENMARK,2025-06-09 00:00:00+05:30,2025-07-11 00:00:00+05:30,1599.2,2181.1,17,9892.299999999997,
SHILPAMED,2025-06-02 00:00:00+05:30,2025-07-14 00:00:00+05:30,442.8,452.95,214,2172.099999999995,
NESCO,2025-06-16 00:00:00+05:30,2025-07-14 00:00:00+05:30,1009.65,1200.3,53,10104.449999999999,
SHARDACROP,2025-06-03 00:00:00+05:30,2025-07-15 00:00:00+05:30,764.9,796.35,105,3302.2500000000045,
GLENMARK,2025-06-09 00:00:00+05:30,2025-07-21 00:00:00+05:30,1599.2,2184.8,83,48604.80000000001,
PCJEWELLER,2025-07-14 00:00:00+05:30,2025-07-25 00:00:00+05:30,17.02,14.55,10044,-24808.67999999999,
WOCKPHARMA,2025-06-16 00:00:00+05:30,2025-07-28 00:00:00+05:30,1803.9,1682.9,76,-9196.0,
NESCO,2025-06-16 00:00:00+05:30,2025-07-28 00:00:00+05:30,1009.65,1235.0,157,35379.950000000004,
HEIDELBERG,2025-07-07 00:00:00+05:30,2025-08-18 00:00:00+05:30,205.8,211.04,1718,9002.319999999967,
DBL,2025-09-15 00:00:00+05:30,2025-09-26 00:00:00+05:30,560.75,508.95,269,-13934.200000000003,
ALKEM,2025-08-21 00:00:00+05:30,2025-10-03 00:00:00+05:30,5422.0,5442.0,100,2000.0,
CENTURYPLY,2025-09-09 00:00:00+05:30,2025-10-14 00:00:00+05:30,788.2,727.15,383,-23382.150000000027,
APOLLOTYRE,2025-09-09 00:00:00+05:30,2025-10-21 00:00:00+05:30,481.4,515.15,845,28518.75,
NLCINDIA,2025-09-15 00:00:00+05:30,2025-10-27 00:00:00+05:30,261.92,260.5,816,-1158.720000000013,
MINDACORP,2025-10-03 00:00:00+05:30,2025-11-14 00:00:00+05:30,588.3,601.15,476,6116.600000000011,
HINDZINC,2025-10-06 00:00:00+05:30,2025-11-17 00:00:00+05:30,491.5,483.9,606,-4605.600000000014,
MOIL,2025-10-13 00:00:00+05:30,2025-11-18 00:00:00+05:30,378.0,343.5,411,-14179.5,
CEATLTD,2025-10-20 00:00:00+05:30,2025-11-18 00:00:00+05:30,4203.9,3885.6,48,-15278.399999999987,
JBCHEPHARM,2025-11-17 00:00:00+05:30,2025-11-20 00:00:00+05:30,1821.5,1748.4,138,-10087.799999999988,
MRPL,2025-10-27 00:00:00+05:30,2025-12-05 00:00:00+05:30,146.63,150.56,913,3588.090000000006,
FEDERALBNK,2025-10-27 00:00:00+05:30,2025-12-08 00:00:00+05:30,234.04,257.45,1628,38111.479999999996,
AUBANK,2025-10-27 00:00:00+05:30,2025-12-08 00:00:00+05:30,864.2,952.55,269,23766.149999999976,
IDBI,2025-11-03 00:00:00+05:30,2025-12-15 00:00:00+05:30,101.51,98.84,686,-1831.6200000000013,
HATSUN,2025-11-03 00:00:00+05:30,2025-12-15 00:00:00+05:30,1073.3,1008.7,94,-6072.399999999991,
BHEL,2025-11-03 00:00:00+05:30,2025-12-15 00:00:00+05:30,264.95,282.6,469,8277.850000000017,
DCBBANK,2025-11-03 00:00:00+05:30,2025-12-15 00:00:00+05:30,159.35,169.63,967,9940.76,
REDINGTON,2025-11-10 00:00:00+05:30,2025-12-22 00:00:00+05:30,287.5,274.85,150,-1897.4999999999966,
3MINDIA,2025-11-14 00:00:00+05:30,2025-12-26 00:00:00+05:30,35910.0,34575.0,3,-4005.0,
JBCHEPHARM,2025-11-20 00:00:00+05:30,2026-01-01 00:00:00+05:30,1748.4,1820.0,193,13818.799999999983,
KTKBANK,2025-11-24 00:00:00+05:30,2026-01-05 00:00:00+05:30,198.84,201.25,1099,2648.589999999996,
MASFIN,2025-12-08 00:00:00+05:30,2026-01-19 00:00:00+05:30,311.05,310.55,912,-456.0,
TIMKEN,2026-02-09 00:00:00+05:30,2026-02-13 00:00:00+05:30,3287.1,3062.8,56,-12560.799999999985,
ULTRACEMCO,2026-02-03 00:00:00+05:30,2026-03-04 00:00:00+05:30,12590.0,12107.0,58,-28014.0,
BLUESTARCO,2026-02-16 00:00:00+05:30,2026-03-04 00:00:00+05:30,1975.4,1843.6,67,-8830.600000000013,
EDELWEISS,2026-02-23 00:00:00+05:30,2026-03-04 00:00:00+05:30,123.18,107.79,578,-8895.42,
HSCL,2026-02-23 00:00:00+05:30,2026-03-04 00:00:00+05:30,490.35,442.3,164,-7880.200000000002,
SHARDACROP,2026-02-03 00:00:00+05:30,2026-03-13 00:00:00+05:30,1113.7,989.7,283,-35092.0,
MAHLOG,2026-02-16 00:00:00+05:30,2026-03-13 00:00:00+05:30,403.55,368.85,383,-13290.099999999995,
VTL,2026-02-09 00:00:00+05:30,2026-03-23 00:00:00+05:30,507.05,538.8,473,15017.749999999973,
ABB,2026-02-09 00:00:00+05:30,2026-03-23 00:00:00+05:30,5815.5,6041.5,43,9718.0,
LINDEINDIA,2026-02-16 00:00:00+05:30,2026-03-30 00:00:00+05:30,6768.0,6844.0,24,1824.0,
